Branch,Customer,Qty,Item,Price
Conut - Tyre,Person_0129,1.0,FULL FAT MILK,0.0
Conut - Tyre,Person_0129,1.0,PISTACHIO MILKSHAKE,893918.92
Conut - Tyre,Person_0129,1.0,WHIPPED CREAM...,0.0
Conut - Tyre,Person_0130,1.0,"CARAMEL SAUCE, (R)",0.0
Conut - Tyre,Person_0130,1.0,CHIMNEY THE ONE,1251486.48
Conut - Tyre,Person_0130,1.0,CLASSIC CHIMNEY,595945.95
Conut - Tyre,Person_0130,1.0,DELIVERY CHARGE,238378.38
Conut - Tyre,Person_0130,1.0,LOTUS SAUCE.,178783.78
Conut - Tyre,Person_0130,1.0,NUTELLA SPREAD CHIMNEY.,0.0
Conut - Tyre,Person_0130,1.0,PRESSED,0.0
Conut - Tyre,Person_0130,1.0,"STRAWBERRY,(R)",0.0
Conut - Tyre,Person_0130,1.0,STRAWBERRY.,178783.78
Conut - Tyre,Person_0130,1.0,WHITE CHOCOLATE SPREAD CHIMNEY.,0.0
Conut - Tyre,Person_0131,1.0,[CHOCOLATE DRESSING],0.0
Conut - Tyre,Person_0131,1.0,[CHOCOLATE DRESSING],0.0
Conut - Tyre,Person_0131,1.0,CLASSIC CHIMNEY,595945.95
Conut - Tyre,Person_0131,1.0,CONUT THE ONE,893918.92
Conut - Tyre,Person_0131,1.0,DELIVERY CHARGE,238378.38
Conut - Tyre,Person_0131,1.0,FULL FAT MILK,0.0
Conut - Tyre,Person_0131,1.0,FULL FAT MILK,0.0
Conut - Tyre,Person_0131,1.0,MOCHA FRAPPE,536351.34
Conut - Tyre,Person_0131,1.0,MOCHA FRAPPE,536351.34
Conut - Tyre,Person_0131,1.0,NO TOPPINGS.,0.0
Conut - Tyre,Person_0131,1.0,NUTELLA SPREAD CHIMNEY.,0.0
Conut - Tyre,Person_0131,1.0,NUTELLA SPREAD CONUT.,0.0
Conut - Tyre,Person_0131,1.0,PRESSED,0.0
Conut - Tyre,Person_0131,1.0,REGULAR.,0.0
Conut - Tyre,Person_0131,1.0,REGULAR.,0.0
Conut - Tyre,Person_0131,1.0,"STRAWBERRY , (R)",0.0
Conut - Tyre,Person_0131,1.0,STRAWBERRY.,178783.78
Conut - Tyre,Person_0131,1.0,WHIPPED CREAM...,0.0
Conut - Tyre,Person_0131,1.0,WHIPPED CREAM...,0.0
Conut - Tyre,Person_0132,1.0,"BROWNIES , (R)",0.0
Conut - Tyre,Person_0132,1.0,CONUT PISTACHIO,1013108.11
Conut - Tyre,Person_0132,1.0,CONUT TRIPLE CHOCOLATE,924378.38
Conut - Tyre,Person_0132,1.0,DELIVERY CHARGE,238378.38
Conut - Tyre,Person_0132,1.0,NO SPREAD..,0.0
Conut - Tyre,Person_0132,1.0,NUTELLA SAUCE . (R),0.0
Conut - Tyre,Person_0132,1.0,PISTACHIO TOPPING,0.0
Conut - Tyre,Person_0132,1.0,"STRAWBERRY , (R)",0.0
Conut - Tyre,Person_0132,1.0,WHITE CHOCOLATE SPREAD CONUT.,0.0
Conut - Tyre,Person_0133,1.0,BROWNIES . (R),0.0
Conut - Tyre,Person_0133,1.0,"CARAMEL SAUCE, (R)",0.0
Conut - Tyre,Person_0133,1.0,"CARAMEL SAUCE, (R)",0.0
Conut - Tyre,Person_0133,1.0,CHIMNEY BERRY MIX,1251486.48
Conut - Tyre,Person_0133,1.0,CHIMNEY THE ONE,1251486.48
Conut - Tyre,Person_0133,1.0,CHIMNEY THE ONE,1251486.48
Conut - Tyre,Person_0133,1.0,CHIMNEY TRIPLE CHOCOLATE,1311081.08
Conut - Tyre,Person_0133,1.0,CLASSIC CHIMNEY,595945.95
Conut - Tyre,Person_0133,1.0,CLASSIC CHIMNEY,595945.95
Conut - Tyre,Person_0133,1.0,DELIVERY CHARGE,238378.38
Conut - Tyre,Person_0133,1.0,NO SPREAD,0.0
Conut - Tyre,Person_0133,1.0,NO SPREAD,0.0
Conut - Tyre,Person_0133,1.0,"NUTELLA SAUCE,(R)",0.0
Conut - Tyre,Person_0133,1.0,"NUTELLA SAUCE,(R)",0.0
Conut - Tyre,Person_0133,1.0,NUTELLA SPREAD CHIMNEY.,0.0
Conut - Tyre,Person_0133,1.0,NUTELLA SPREAD CHIMNEY.,0.0
Conut - Tyre,Person_0133,1.0,NUTELLA SPREAD CHIMNEY.,0.0
Conut - Tyre,Person_0133,1.0,PRESSED,0.0
Conut - Tyre,Person_0133,1.0,PRESSED,0.0
Conut - Tyre,Person_0133,1.0,"STRAWBERRY,(R)",0.0
Conut - Tyre,Person_0133,1.0,"STRAWBERRY,(R)",0.0
Conut - Tyre,Person_0133,1.0,"WHIPPED CREAM   ,",0.0
Conut - Tyre,Person_0133,1.0,WHITE CHOCOLATE SPREAD CHIMNEY.,0.0
Conut - Tyre,Person_0134,1.0,DELIVERY CHARGE,238378.38
Conut - Tyre,Person_0134,1.0,MINI BERRY MIX,507216.22
Conut - Tyre,Person_0134,1.0,MINI PISTACHIO,626405.41
Conut - Tyre,Person_0134,1.0,"NO SPREAD,.",0.0
Conut - Tyre,Person_0134,1.0,"NUTELLA SAUCE ,(R)",0.0
Conut - Tyre,Person_0134,1.0,NUTELLA SPREAD MINI.,0.0
Conut - Tyre,Person_0134,1.0,PISTACHIO TOPPING.,0.0
Conut - Tyre,Person_0134,1.0,STRAWBERRY .(R),0.0
Conut - Tyre,Person_0134,1.0,WHIPPED CREAM  .,0.0
Conut - Tyre,Person_0135,1.0,"CARAMEL SAUCE, (R)",0.0
Conut - Tyre,Person_0135,1.0,CHIMNEY THE ONE,1251486.48
Conut - Tyre,Person_0135,1.0,DELIVERY CHARGE,238378.38
Conut - Tyre,Person_0135,1.0,NUTELLA SAUCE.,178783.78
Conut - Tyre,Person_0135,1.0,NUTELLA SPREAD CHIMNEY.,0.0
Conut - Tyre,Person_0135,1.0,"STRAWBERRY,(R)",0.0
Conut - Tyre,Person_0136,1.0,WATER,79459.45
Conut - Tyre,Person_0137,1.0,CRISPY CREPE . (R),0.0
Conut - Tyre,Person_0137,1.0,"CRUSHED LOTUS , (R)",0.0
Conut - Tyre,Person_0137,1.0,"CRUSHED OREO, (R)",0.0
Conut - Tyre,Person_0137,1.0,ICE CREAM BOWL,595945.95
Conut Jnah,Person_0137,1.0,BROWNIES . (R),0.0
Conut Jnah,Person_0137,1.0,CHIMNEY TRIPLE CHOCOLATE,1311081.08
Conut Jnah,Person_0137,1.0,DELIVERY CHARGE,238378.38
Conut Jnah,Person_0137,1.0,"NUTELLA SAUCE,(R)",0.0
Conut Jnah,Person_0137,1.0,WHITE CHOCOLATE SPREAD CHIMNEY.,0.0
Conut Jnah,Person_0137,1.0,BOSTON CHEESECAKE MINI,0.0
Conut Jnah,Person_0137,1.0,DELIVERY CHARGE,238378.38
Conut Jnah,Person_0137,1.0,PISTACHIO MINI,0.0
Conut Jnah,Person_0137,1.0,THE ONE MINI,0.0
Conut Jnah,Person_0137,1.0,THE SHARING BOX.,1668648.66
Conut Jnah,Person_0137,1.0,TRIPLE CHOCOLATE MINI,0.0
Conut Jnah,Person_0137,1.0,"CARAMEL SAUCE, (R)",0.0
Conut Jnah,Person_0137,1.0,CHIMNEY THE ONE,1251486.48
Conut Jnah,Person_0137,1.0,CLASSIC CHIMNEY,595945.95
Conut Jnah,Person_0137,1.0,DELIVERY CHARGE,238378.38
Conut Jnah,Person_0137,1.0,NUTELLA SPREAD CHIMNEY.,0.0
Conut Jnah,Person_0137,1.0,NUTELLA SPREAD CHIMNEY.,0.0
Conut Jnah,Person_0137,1.0,PRESSED,0.0
Conut Jnah,Person_0137,1.0,"STRAWBERRY,(R)",0.0
Conut Jnah,Person_0137,1.0,ADD ICE CREAM,476756.75
Conut Jnah,Person_0137,1.0,CHIMNEY BERRY MIX,1251486.48
Conut Jnah,Person_0137,1.0,CHIMNEY BOSTON CHEESECAKE,1311081.08
Conut Jnah,Person_0137,1.0,CRUSHED LOTUS .(R),0.0
Conut Jnah,Person_0137,1.0,DELIVERY CHARGE,238378.38
Conut Jnah,Person_0137,1.0,ICE CREAM ON THE SIDE,0.0
Conut Jnah,Person_0137,1.0,"NO SPREAD,,",0.0
Conut Jnah,Person_0137,1.0,"NUTELLA SAUCE,(R)",0.0
Conut Jnah,Person_0137,1.0,NUTELLA SPREAD CHIMNEY.,0.0
Conut Jnah,Person_0137,1.0,"STRAWBERRY,(R)",0.0
Conut Jnah,Person_0137,1.0,"WHIPPED CREAM   ,",0.0
Conut Jnah,Person_0137,1.0,BROWNIES . (R),0.0
Conut Jnah,Person_0137,1.0,CHIMNEY THE ONE,1251486.48
Conut Jnah,Person_0137,1.0,CHIMNEY TRIPLE CHOCOLATE,1311081.08
Conut Jnah,Person_0137,1.0,CONUT BITES,655540.55
Conut Jnah,Person_0137,1.0,CONUT BITES,655540.55
Conut Jnah,Person_0137,1.0,DARK CHOCOLATE DIP.(R),0.0
Conut Jnah,Person_0137,1.0,DELIVERY CHARGE,238378.38
Conut Jnah,Person_0137,1.0,LOTUS DIP.(R),0.0
Conut Jnah,Person_0137,1.0,NO SPREAD,0.0
Conut Jnah,Person_0137,1.0,NO TOPPINGS,0.0
Conut Jnah,Person_0137,1.0,"NUTELLA SAUCE,(R)",0.0
Conut Jnah,Person_0137,1.0,"STRAWBERRY,(R)",0.0
Conut Jnah,Person_0137,1.0,WHITE CHOCOLATE SPREAD CHIMNEY.,0.0
Conut Jnah,Person_0137,1.0,"BROWNIES , (R)",0.0
Conut Jnah,Person_0137,1.0,CHIMNEY BERRY MIX,1251486.48
Conut Jnah,Person_0137,1.0,CONUT THE ONE,893918.92
Conut Jnah,Person_0137,1.0,CONUT TRIPLE CHOCOLATE,924378.38
Conut Jnah,Person_0137,1.0,"CRUSHED LOTUS , (R)",0.0
Conut Jnah,Person_0137,1.0,DELIVERY CHARGE,238378.38
Conut Jnah,Person_0137,1.0,NUTELLA SAUCE . (R),0.0
Conut Jnah,Person_0137,1.0,NUTELLA SAUCE . (R),0.0
Conut Jnah,Person_0137,1.0,"NUTELLA SAUCE,(R)",0.0
Conut Jnah,Person_0137,1.0,NUTELLA SPREAD CHIMNEY.,0.0
Conut Jnah,Person_0137,1.0,NUTELLA SPREAD CONUT.,0.0
Conut Jnah,Person_0137,1.0,"WHIPPED CREAM   ,",0.0
Conut Jnah,Person_0137,1.0,WHITE CHOCOLATE SPREAD CONUT.,0.0
Conut Jnah,Person_0137,1.0,BROWNIES . (R),0.0
Conut Jnah,Person_0137,1.0,BROWNIES . (R),0.0
Conut Jnah,Person_0137,1.0,"CARAMEL SAUCE, (R)",0.0
Conut Jnah,Person_0137,1.0,CHIMNEY THE ONE,1251486.48
Conut Jnah,Person_0137,1.0,CHIMNEY THE ONE,1251486.48
Conut Jnah,Person_0137,1.0,DELIVERY CHARGE,238378.38
Conut Jnah,Person_0137,1.0,"LOTUS SAUCE,(R)",0.0
Conut Jnah,Person_0137,1.0,NUTELLA SPREAD CHIMNEY.,0.0
Conut Jnah,Person_0137,1.0,NUTELLA SPREAD CHIMNEY.,0.0
Conut Jnah,Person_0137,1.0,STRAWBERRY.,178783.78
Conut Jnah,Person_0137,1.0,BROWNIES . (R),0.0
Conut Jnah,Person_0137,1.0,CHIMNEY TRIPLE CHOCOLATE,1311081.08
Conut Jnah,Person_0137,1.0,DELIVERY CHARGE,238378.38
Conut Jnah,Person_0137,1.0,"NUTELLA SAUCE,(R)",0.0
Conut Jnah,Person_0137,1.0,WHITE CHOCOLATE SPREAD CHIMNEY.,0.0
Conut Jnah,Person_0137,1.0,CLASSIC CHIMNEY,595945.95
Conut Jnah,Person_0137,1.0,CLASSIC CHIMNEY,595945.95
Conut Jnah,Person_0137,1.0,DELIVERY CHARGE,238378.38
Conut Jnah,Person_0137,1.0,REGULAR,0.0
Conut Jnah,Person_0137,1.0,REGULAR,0.0
Conut Jnah,Person_0137,1.0,WHITE CHOCOLATE SPREAD CHIMNEY.,0.0
Conut Jnah,Person_0137,1.0,WHITE CHOCOLATE SPREAD CHIMNEY.,0.0
Conut Jnah,Person_0137,1.0,BOSTON CHEESECAKE MINI,0.0
Conut Jnah,Person_0137,1.0,BROWNIES . (R),0.0
Conut Jnah,Person_0137,1.0,BROWNIES . (R),0.0
Conut Jnah,Person_0137,1.0,CHIMNEY THE ONE,1251486.48
Conut Jnah,Person_0137,1.0,CHIMNEY TRIPLE CHOCOLATE,1311081.08
Conut Jnah,Person_0137,1.0,CRUSHED OREO .(R),0.0
Conut Jnah,Person_0137,1.0,DELIVERY CHARGE,238378.38
Conut Jnah,Person_0137,1.0,DELIVERY CHARGE,238378.38
Conut Jnah,Person_0137,1.0,NO SPREAD,0.0
Conut Jnah,Person_0137,1.0,"NUTELLA SAUCE,(R)",0.0
Conut Jnah,Person_0137,1.0,NUTELLA SAUCE.,178783.78
Conut Jnah,Person_0137,1.0,PISTACHIO MINI,0.0
Conut Jnah,Person_0137,1.0,STRAWBERRY.,178783.78
Conut Jnah,Person_0137,1.0,THE ONE MINI,0.0
Conut Jnah,Person_0137,1.0,THE SHARING BOX.,1668648.66
Conut Jnah,Person_0137,1.0,TRIPLE CHOCOLATE MINI,0.0
Conut Jnah,Person_0137,1.0,WHITE CHOCOLATE SPREAD CHIMNEY.,0.0
Conut Jnah,Person_0137,1.0,CONUT BERRY MIX,893918.92
Conut Jnah,Person_0137,1.0,DELIVERY CHARGE,238378.38
Conut Jnah,Person_0137,1.0,NUTELLA SAUCE . (R),0.0
Conut Jnah,Person_0137,1.0,NUTELLA SPREAD CONUT.,0.0
Conut Jnah,Person_0137,1.0,"WHIPPED CREAM  ,",0.0
Conut Jnah,Person_0137,1.0,"CARAMEL SAUCE, (R)",0.0
Conut Jnah,Person_0137,1.0,CHIMNEY THE ONE,1251486.48
Conut Jnah,Person_0137,1.0,DELIVERY CHARGE,238378.38
Conut Jnah,Person_0137,1.0,NUTELLA SPREAD CHIMNEY.,0.0
Conut Jnah,Person_0137,1.0,"STRAWBERRY,(R)",0.0
Conut Jnah,Person_0137,1.0,"CARAMEL SAUCE, (R)",0.0
Conut Jnah,Person_0137,1.0,CHIMNEY THE ONE,1251486.48
Conut Jnah,Person_0137,1.0,DELIVERY CHARGE,238378.38
Conut Jnah,Person_0137,1.0,NUTELLA SPREAD CHIMNEY.,0.0
Conut Jnah,Person_0137,1.0,"STRAWBERRY,(R)",0.0
Conut Jnah,Person_0137,1.0,BROWNIES . (R),0.0
Conut Jnah,Person_0137,1.0,"CARAMEL SAUCE , (R)",0.0
Conut Jnah,Person_0137,1.0,CHIMNEY THE ORIGINAL,1191891.89
Conut Jnah,Person_0137,1.0,CONUT BERRY MIX,893918.92
Conut Jnah,Person_0137,1.0,CONUT THE ONE,893918.92
Conut Jnah,Person_0137,1.0,DELIVERY CHARGE,238378.38
Conut Jnah,Person_0137,1.0,ICE CREAM ON THE SIDE,0.0
Conut Jnah,Person_0137,1.0,NUTELLA SAUCE . (R),0.0
Conut Jnah,Person_0137,1.0,"NUTELLA SAUCE,(R)",0.0
Conut Jnah,Person_0137,1.0,NUTELLA SPREAD CHIMNEY.,0.0
Conut Jnah,Person_0137,1.0,NUTELLA SPREAD CONUT.,0.0
Conut Jnah,Person_0137,1.0,NUTELLA SPREAD CONUT.,0.0
Conut Jnah,Person_0137,1.0,"STRAWBERRY , (R)",0.0
Conut Jnah,Person_0137,1.0,"WHIPPED CREAM  ,",0.0
Conut Jnah,Person_0137,1.0,"CARAMEL SAUCE, (R)",0.0
Conut Jnah,Person_0137,1.0,"CARAMEL SAUCE, (R)",0.0
Conut Jnah,Person_0137,1.0,CHIMNEY THE ONE,1251486.48
Conut Jnah,Person_0137,1.0,CHIMNEY THE ONE,1251486.48
Conut Jnah,Person_0137,1.0,DELIVERY CHARGE,238378.38
Conut Jnah,Person_0137,1.0,LOTUS SPREAD CHIMNEY.,0.0
Conut Jnah,Person_0137,1.0,"STRAWBERRY,(R)",0.0
Conut Jnah,Person_0137,1.0,"STRAWBERRY,(R)",0.0
Conut Jnah,Person_0137,1.0,WHITE CHOCOLATE SPREAD CHIMNEY.,0.0
Conut Jnah,Person_0137,1.0,BROWNIES . (R),0.0
Conut Jnah,Person_0137,1.0,CHIMNEY BOSTON CHEESECAKE,1311081.08
Conut Jnah,Person_0137,1.0,CHIMNEY THE ONE,1251486.48
Conut Jnah,Person_0137,1.0,CHIMNEY THE ORIGINAL,1191891.89
Conut Jnah,Person_0137,1.0,CRUSHED LOTUS .(R),0.0
Conut Jnah,Person_0137,1.0,DELIVERY CHARGE,238378.38
Conut Jnah,Person_0137,1.0,ICE CREAM ON THE SIDE,0.0
Conut Jnah,Person_0137,1.0,"NO SPREAD,,",0.0
Conut Jnah,Person_0137,1.0,NO TOPPINGS,0.0
Conut Jnah,Person_0137,1.0,"NUTELLA SAUCE,(R)",0.0
Conut Jnah,Person_0137,1.0,NUTELLA SPREAD CHIMNEY.,0.0
Conut Jnah,Person_0137,1.0,NUTELLA SPREAD CHIMNEY.,0.0
Conut Jnah,Person_0137,1.0,"STRAWBERRY,(R)",0.0
Conut Jnah,Person_0137,1.0,"STRAWBERRY,(R)",0.0
Conut Jnah,Person_0137,1.0,CHIMNEY BERRY MIX,1251486.48
Conut Jnah,Person_0137,1.0,DELIVERY CHARGE,238378.38
Conut Jnah,Person_0137,1.0,"NUTELLA SAUCE,(R)",0.0
Conut Jnah,Person_0137,1.0,NUTELLA SPREAD CHIMNEY.,0.0
Conut Jnah,Person_0137,1.0,"WHIPPED CREAM   ,",0.0
Conut Jnah,Person_0137,1.0,CHIMNEY THE ONE,1251486.48
Conut Jnah,Person_0137,1.0,CHIMNEY THE ONE,1251486.48
Conut Jnah,Person_0137,1.0,DELIVERY CHARGE,238378.38
Conut Jnah,Person_0137,1.0,LOTUS SPREAD CHIMNEY.,0.0
Conut Jnah,Person_0137,1.0,NO TOPPINGS,0.0
Conut Jnah,Person_0137,1.0,NO TOPPINGS,0.0
Conut Jnah,Person_0137,1.0,NUTELLA SPREAD CHIMNEY.,0.0
Conut Jnah,Person_0137,1.0,"STRAWBERRY,(R)",0.0
Conut Jnah,Person_0137,1.0,"STRAWBERRY,(R)",0.0
Conut Jnah,Person_0137,1.0,"CARAMEL SAUCE, (R)",0.0
Conut Jnah,Person_0137,1.0,CHIMNEY THE ONE,1251486.48
Conut Jnah,Person_0137,1.0,DELIVERY CHARGE,238378.38
Conut Jnah,Person_0137,1.0,NUTELLA SPREAD CHIMNEY.,0.0
Conut Jnah,Person_0137,1.0,"STRAWBERRY,(R)",0.0
Conut Jnah,Person_0137,1.0,CHIMNEY THE ONE,1251486.48
Conut Jnah,Person_0137,1.0,DELIVERY CHARGE,238378.38
Conut Jnah,Person_0137,1.0,NUTELLA SPREAD CHIMNEY.,0.0
Conut Jnah,Person_0137,1.0,"STRAWBERRY,(R)",0.0
Conut Jnah,Person_0137,1.0,"STRAWBERRY,(R)",0.0
Conut Jnah,Person_0137,1.0,BOSTON CHEESECAKE CONUT,0.0
Conut Jnah,Person_0137,1.0,"BROWNIES , (R)",0.0
Conut Jnah,Person_0137,1.0,"CARAMEL SAUCE , (R)",0.0
Conut Jnah,Person_0137,1.0,"CARAMEL SAUCE , (R)",0.0
Conut Jnah,Person_0137,1.0,CONUT COMBO,2741351.34
Conut Jnah,Person_0137,1.0,CONUT THE ONE,893918.92
Conut Jnah,Person_0137,1.0,CONUT THE ONE,893918.92
Conut Jnah,Person_0137,1.0,CONUT TRIPLE CHOCOLATE,924378.38
Conut Jnah,Person_0137,1.0,DELIVERY CHARGE,238378.38
Conut Jnah,Person_0137,1.0,DELIVERY CHARGE,238378.38
Conut Jnah,Person_0137,1.0,NUTELLA SAUCE . (R),0.0
Conut Jnah,Person_0137,1.0,NUTELLA SPREAD CONUT.,0.0
Conut Jnah,Person_0137,1.0,NUTELLA SPREAD CONUT.,0.0
Conut Jnah,Person_0137,1.0,PISTACHIO CONUT,0.0
Conut Jnah,Person_0137,1.0,"STRAWBERRY , (R)",0.0
Conut Jnah,Person_0137,1.0,"STRAWBERRY , (R)",0.0
Conut Jnah,Person_0137,1.0,THE ONE CONUT,0.0
Conut Jnah,Person_0137,1.0,TRIPLE CHOCOLATE CONUT,0.0
Conut Jnah,Person_0137,1.0,WHITE CHOCOLATE SPREAD CONUT.,0.0
Conut Jnah,Person_0137,1.0,"CARAMEL SAUCE, (R)",0.0
Conut Jnah,Person_0137,1.0,CHIMNEY THE ONE,1251486.48
Conut Jnah,Person_0137,1.0,DELIVERY CHARGE,238378.38
Conut Jnah,Person_0137,1.0,NUTELLA SPREAD CHIMNEY.,0.0
Conut Jnah,Person_0137,1.0,"STRAWBERRY,(R)",0.0
Conut Jnah,Person_0137,1.0,CLASSIC CHIMNEY,595945.95
Conut Jnah,Person_0137,1.0,CLASSIC CHIMNEY,595945.95
Conut Jnah,Person_0137,1.0,DELIVERY CHARGE,238378.38
Conut Jnah,Person_0137,1.0,NUTELLA SPREAD CHIMNEY.,0.0
Conut Jnah,Person_0137,1.0,NUTELLA SPREAD CHIMNEY.,0.0
Conut Jnah,Person_0137,1.0,PRESSED,0.0
Conut Jnah,Person_0137,1.0,PRESSED,0.0
Conut Jnah,Person_0137,1.0,CAFFE LATTE,417162.16
Conut Jnah,Person_0137,1.0,"CARAMEL SAUCE  ,(R)",0.0
Conut Jnah,Person_0137,1.0,"CARAMEL SAUCE, (R)",0.0
Conut Jnah,Person_0137,1.0,CHIMNEY THE ONE,1251486.48
Conut Jnah,Person_0137,1.0,DELIVERY CHARGE,238378.38
Conut Jnah,Person_0137,1.0,FULL FAT MILK,0.0
Conut Jnah,Person_0137,1.0,HOT,0.0
Conut Jnah,Person_0137,1.0,MINI THE ONE,507216.22
Conut Jnah,Person_0137,1.0,NUTELLA SPREAD CHIMNEY.,0.0
Conut Jnah,Person_0137,1.0,NUTELLA SPREAD MINI.,0.0
Conut Jnah,Person_0137,1.0,REGULAR.,0.0
Conut Jnah,Person_0137,1.0,STRAWBERRY .(R),0.0
Conut Jnah,Person_0137,1.0,"STRAWBERRY,(R)",0.0
Conut Jnah,Person_0138,1.0,BROWNIES . (R),0.0
Conut Jnah,Person_0138,1.0,"CARAMEL SAUCE, (R)",0.0
Conut Jnah,Person_0138,1.0,CHIMNEY PISTACHIO,1430270.27
Conut Jnah,Person_0138,1.0,CHIMNEY THE ONE,1251486.48
Conut Jnah,Person_0138,1.0,CHIMNEY THE ONE,1251486.48
Conut Jnah,Person_0138,1.0,CHIMNEY THE ONE,1251486.48
Conut Jnah,Person_0138,1.0,CONUT TRIPLE CHOCOLATE,924378.38
Conut Jnah,Person_0138,1.0,HOT,0.0
Conut Jnah,Person_0138,1.0,HOT,0.0
Conut Jnah,Person_0138,1.0,"NO SPREAD,,",0.0
Conut Jnah,Person_0138,1.0,NUTELLA SAUCE . (R),0.0
Conut Jnah,Person_0138,1.0,"NUTELLA SAUCE,(R)",0.0
Conut Jnah,Person_0138,1.0,"NUTELLA SAUCE,(R)",0.0
Conut Jnah,Person_0138,1.0,"NUTELLA SAUCE,(R)",0.0
Conut Jnah,Person_0138,1.0,"NUTELLA SAUCE,(R)",0.0
Conut Jnah,Person_0138,1.0,NUTELLA SPREAD CHIMNEY.,0.0
Conut Jnah,Person_0138,1.0,NUTELLA SPREAD CHIMNEY.,0.0
Conut Jnah,Person_0138,1.0,NUTELLA SPREAD CHIMNEY.,0.0
Conut Jnah,Person_0138,1.0,REGULAR.,0.0
Conut Jnah,Person_0138,1.0,REGULAR.,0.0
Conut Jnah,Person_0138,1.0,SINGLE ESPRESSO,238378.38
Conut Jnah,Person_0138,1.0,SINGLE ESPRESSO,238378.38
Conut Jnah,Person_0138,1.0,"STRAWBERRY , (R)",0.0
Conut Jnah,Person_0138,1.0,"STRAWBERRY,(R)",0.0
Conut Jnah,Person_0138,1.0,"STRAWBERRY,(R)",0.0
Conut Jnah,Person_0138,1.0,WATER,79459.45
Conut Jnah,Person_0138,1.0,WATER,79459.45
Conut Jnah,Person_0138,1.0,WHITE CHOCOLATE SPREAD CONUT.,0.0
Conut Jnah,Person_0139,1.0,[CARAMEL DRESSING],0.0
Conut Jnah,Person_0139,1.0,BROWNIES . (R),0.0
Conut Jnah,Person_0139,1.0,BROWNIES . (R),0.0
Conut Jnah,Person_0139,1.0,"CARAMEL SAUCE, (R)",0.0
Conut Jnah,Person_0139,1.0,CHIMNEY THE ONE,1251486.48
Conut Jnah,Person_0139,1.0,CHIMNEY TRIPLE CHOCOLATE,1311081.08
Conut Jnah,Person_0139,1.0,CHIMNEY TRIPLE CHOCOLATE,1311081.08
Conut Jnah,Person_0139,1.0,FULL FAT MILK,0.0
Conut Jnah,Person_0139,1.0,NO WHIPPED CREAM,0.0
Conut Jnah,Person_0139,1.0,"NUTELLA SAUCE,(R)",0.0
Conut Jnah,Person_0139,1.0,"NUTELLA SAUCE,(R)",0.0
Conut Jnah,Person_0139,1.0,NUTELLA SPREAD CHIMNEY.,0.0
Conut Jnah,Person_0139,1.0,"STRAWBERRY,(R)",0.0
Conut Jnah,Person_0139,1.0,TOFFEE NUT MILKSHAKE,774729.73
Conut Jnah,Person_0139,1.0,WHITE CHOCOLATE SPREAD CHIMNEY.,0.0
Conut Jnah,Person_0139,1.0,WHITE CHOCOLATE SPREAD CHIMNEY.,0.0
Conut Jnah,Person_0140,1.0,CHOCOLATE SAUCE,90054.05
Conut Jnah,Person_0140,1.0,CLASSIC CHIMNEY,595945.95
Conut Jnah,Person_0140,1.0,FULL FAT MILK,0.0
Conut Jnah,Person_0140,1.0,FULL FAT MILK,0.0
Conut Jnah,Person_0140,1.0,HOT MILK,178783.78
Conut Jnah,Person_0140,1.0,HOT MILK,178783.78
Conut Jnah,Person_0140,1.0,NUTELLA SPREAD CHIMNEY.,0.0
Conut Jnah,Person_0140,1.0,PRESSED,0.0
Conut Jnah,Person_0140,1.0,VANILLA SYRUP,90054.05
Conut Jnah,Person_0141,1.0,[NO DRESSING],0.0
Conut Jnah,Person_0141,1.0,BROWNIES . (R),0.0
Conut Jnah,Person_0141,1.0,BROWNIES . (R),0.0
Conut Jnah,Person_0141,1.0,"CARAMEL SAUCE  ,(R)",0.0
Conut Jnah,Person_0141,1.0,"CARAMEL SAUCE, (R)",0.0
Conut Jnah,Person_0141,1.0,"CARAMEL SAUCE, (R)",0.0
Conut Jnah,Person_0141,1.0,CHIMNEY BOSTON CHEESECAKE,1311081.08
Conut Jnah,Person_0141,1.0,CHIMNEY THE ONE,1251486.48
Conut Jnah,Person_0141,1.0,CHIMNEY THE ONE,1251486.48
Conut Jnah,Person_0141,1.0,CHIMNEY THE ONE,1251486.48
Conut Jnah,Person_0141,1.0,CHIMNEY TRIPLE CHOCOLATE,1311081.08
Conut Jnah,Person_0141,1.0,CHIMNEY TRIPLE CHOCOLATE,1311081.08
Conut Jnah,Person_0141,1.0,CLASSIC CHIMNEY,595945.95
Conut Jnah,Person_0141,1.0,CRUSHED LOTUS .(R),0.0
Conut Jnah,Person_0141,1.0,FRUIT LOOPS MILKSHAKE,774729.73
Conut Jnah,Person_0141,1.0,FULL FAT MILK,0.0
Conut Jnah,Person_0141,1.0,MINI THE ONE,507216.22
Conut Jnah,Person_0141,1.0,NO SPREAD,0.0
Conut Jnah,Person_0141,1.0,"NO SPREAD,,",0.0
Conut Jnah,Person_0141,1.0,NO WHIPPED CREAM,0.0
Conut Jnah,Person_0141,1.0,"NUTELLA SAUCE,(R)",0.0
Conut Jnah,Person_0141,1.0,"NUTELLA SAUCE,(R)",0.0
Conut Jnah,Person_0141,1.0,"NUTELLA SAUCE,(R)",0.0
Conut Jnah,Person_0141,1.0,NUTELLA SPREAD CHIMNEY.,0.0
Conut Jnah,Person_0141,1.0,NUTELLA SPREAD CHIMNEY.,0.0
Conut Jnah,Person_0141,1.0,NUTELLA SPREAD CHIMNEY.,0.0
Conut Jnah,Person_0141,1.0,NUTELLA SPREAD MINI.,0.0
Conut Jnah,Person_0141,1.0,"PISTACHIO SAUCE ,(P)",40540.54
Conut Jnah,Person_0141,1.0,PRESSED,0.0
Conut Jnah,Person_0141,1.0,STRAWBERRY .(R),0.0
Conut Jnah,Person_0141,1.0,"STRAWBERRY,(R)",0.0
Conut Jnah,Person_0141,1.0,"STRAWBERRY,(R)",0.0
Conut Jnah,Person_0141,1.0,"STRAWBERRY,(R)",0.0
Conut Jnah,Person_0141,1.0,WATER,79459.45
Conut Jnah,Person_0141,1.0,WHITE CHOCOLATE SPREAD CHIMNEY.,0.0
Conut Jnah,Person_0141,1.0,WHITE CHOCOLATE SPREAD CHIMNEY.,0.0
Conut Jnah,Person_0142,1.0,[CHOCOLATE DRESSING],0.0
Conut Jnah,Person_0142,1.0,BLUEBERRIES.,238378.38
Conut Jnah,Person_0142,1.0,BLUEBERRIES.,238378.38
Conut Jnah,Person_0142,1.0,BLUEBERRIES.,238378.38
Conut Jnah,Person_0142,1.0,BROWNIES . (R),0.0
Conut Jnah,Person_0142,1.0,BROWNIES . (R),0.0
Conut Jnah,Person_0142,1.0,BROWNIES.,178783.78
Conut Jnah,Person_0142,1.0,CAFFE LATTE,417162.16
Conut Jnah,Person_0142,1.0,CARAMEL MACHIATO,536351.34
Conut Jnah,Person_0142,1.0,"CARAMEL SAUCE, (R)",0.0
Conut Jnah,Person_0142,1.0,"CARAMEL SAUCE, (R)",0.0
Conut Jnah,Person_0142,1.0,"CARAMEL SAUCE, (R)",0.0
Conut Jnah,Person_0142,1.0,CHIMNEY BERRY MIX,1251486.48
Conut Jnah,Person_0142,1.0,CHIMNEY PISTACHIO,1430270.27
Conut Jnah,Person_0142,1.0,CHIMNEY THE ONE,1251486.48
Conut Jnah,Person_0142,1.0,CHIMNEY THE ONE,1251486.48
Conut Jnah,Person_0142,1.0,CHIMNEY THE ONE,1251486.48
Conut Jnah,Person_0142,1.0,CHIMNEY THE ONE,1251486.48
Conut Jnah,Person_0142,1.0,CHIMNEY THE ONE,1251486.48
Conut Jnah,Person_0142,1.0,CLASSIC CHIMNEY,595945.95
Conut Jnah,Person_0142,1.0,DOUBLE CHOCOLATE MILKSHAKE,774729.73
Conut Jnah,Person_0142,1.0,FULL FAT MILK,0.0
Conut Jnah,Person_0142,1.0,FULL FAT MILK,0.0
Conut Jnah,Person_0142,1.0,HOT,0.0
Conut Jnah,Person_0142,1.0,ICED,0.0
Conut Jnah,Person_0142,1.0,NO SPREAD,0.0
Conut Jnah,Person_0142,1.0,"NUTELLA SAUCE,(R)",0.0
Conut Jnah,Person_0142,1.0,"NUTELLA SAUCE,(R)",0.0
Conut Jnah,Person_0142,1.0,NUTELLA SAUCE.,178783.78
Conut Jnah,Person_0142,1.0,NUTELLA SPREAD CHIMNEY,178783.78
Conut Jnah,Person_0142,1.0,NUTELLA SPREAD CHIMNEY.,0.0
Conut Jnah,Person_0142,1.0,NUTELLA SPREAD CHIMNEY.,0.0
Conut Jnah,Person_0142,1.0,NUTELLA SPREAD CHIMNEY.,0.0
Conut Jnah,Person_0142,1.0,NUTELLA SPREAD CHIMNEY.,0.0
Conut Jnah,Person_0142,1.0,NUTELLA SPREAD CHIMNEY.,0.0
Conut Jnah,Person_0142,1.0,NUTELLA SPREAD CHIMNEY.,0.0
Conut Jnah,Person_0142,1.0,PRESSED,0.0
Conut Jnah,Person_0142,1.0,REGULAR.,0.0
Conut Jnah,Person_0142,1.0,REGULAR.,0.0
Conut Jnah,Person_0142,1.0,SKIMMED MILK.,0.0
Conut Jnah,Person_0142,1.0,"STRAWBERRY,(R)",0.0
Conut Jnah,Person_0142,1.0,"STRAWBERRY,(R)",0.0
Conut Jnah,Person_0142,1.0,"STRAWBERRY,(R)",0.0
Conut Jnah,Person_0142,1.0,"STRAWBERRY,(R)",0.0
Conut Jnah,Person_0142,1.0,"STRAWBERRY,(R)",0.0
Conut Jnah,Person_0142,1.0,"STRAWBERRY,(R)",0.0
Conut Jnah,Person_0142,1.0,WATER,79459.45
Conut Jnah,Person_0142,1.0,"WHIPPED CREAM   ,",0.0
Conut Jnah,Person_0142,1.0,WHIPPED CREAM...,0.0
Conut Jnah,Person_0143,1.0,AFFOGATO,536351.34
Conut Jnah,Person_0144,1.0,CAFFE LATTE,417162.16
Conut Jnah,Person_0144,1.0,CHIMNEY THE ONE,1251486.48
Conut Jnah,Person_0144,1.0,CHIMNEY THE ONE,1251486.48
Conut Jnah,Person_0144,1.0,CHIMNEY THE ONE,1251486.48
Conut Jnah,Person_0144,1.0,FULL FAT MILK,0.0
Conut Jnah,Person_0144,1.0,ICED,0.0
Conut Jnah,Person_0144,1.0,"NUTELLA SAUCE,(R)",0.0
Conut Jnah,Person_0144,1.0,"NUTELLA SAUCE,(R)",0.0
Conut Jnah,Person_0144,1.0,NUTELLA SPREAD CHIMNEY.,0.0
Conut Jnah,Person_0144,1.0,NUTELLA SPREAD CHIMNEY.,0.0
Conut Jnah,Person_0144,1.0,REGULAR.,0.0
Conut Jnah,Person_0144,1.0,"STRAWBERRY,(R)",0.0
Conut Jnah,Person_0144,1.0,"STRAWBERRY,(R)",0.0
Conut Jnah,Person_0144,1.0,"STRAWBERRY,(R)",0.0
Conut Jnah,Person_0144,1.0,WATER,79459.45
Conut Jnah,Person_0144,1.0,WATER,79459.45
Conut Jnah,Person_0144,1.0,WHITE CHOCOLATE SAUCE .(R),0.0
Conut Jnah,Person_0144,1.0,WHITE CHOCOLATE SPREAD CHIMNEY.,0.0
Conut Jnah,Person_0145,1.0,DELIVERY CHARGE,238378.38
Conut Jnah,Person_0145,1.0,MINI BERRY MIX,507216.22
Conut Jnah,Person_0145,1.0,MINI THE ONE,507216.22
Conut Jnah,Person_0145,1.0,"NUTELLA SAUCE ,(R)",0.0
Conut Jnah,Person_0145,1.0,NUTELLA SPREAD MINI.,0.0
Conut Jnah,Person_0145,1.0,PISTACHIO SPREAD MINI.,30459.46
Conut Jnah,Person_0145,1.0,PISTACHIO TOPPING.,0.0
Conut Jnah,Person_0145,1.0,STRAWBERRY .(R),0.0
Conut Jnah,Person_0145,1.0,WHIPPED CREAM  .,0.0
Conut Jnah,Person_0146,1.0,TAKE AWAY,0.0
Conut Jnah,Person_0147,1.0,"CARAMEL SAUCE, (R)",0.0
Conut Jnah,Person_0147,1.0,"CARAMEL SAUCE, (R)",0.0
Conut Jnah,Person_0147,1.0,CHIMNEY THE ONE,1251486.48
Conut Jnah,Person_0147,1.0,CHIMNEY THE ONE,1251486.48
Conut Jnah,Person_0147,1.0,HOT,0.0
Conut Jnah,Person_0147,1.0,NUTELLA SPREAD CHIMNEY.,0.0
Conut Jnah,Person_0147,1.0,NUTELLA SPREAD CHIMNEY.,0.0
Conut Jnah,Person_0147,1.0,REGULAR.,0.0
Conut Jnah,Person_0147,1.0,SINGLE ESPRESSO,238378.38
Conut Jnah,Person_0147,1.0,"STRAWBERRY,(R)",0.0
Conut Jnah,Person_0147,1.0,"STRAWBERRY,(R)",0.0
Conut Jnah,Person_0147,1.0,TIRAMISU CHIMNEY,1311081.08
Conut Jnah,Person_0147,1.0,TIRAMISU CHIMNEY,1311081.08
Conut Jnah,Person_0147,1.0,WATER,79459.45
Conut Jnah,Person_0148,1.0,ADD ICE CREAM,476756.75
Conut Jnah,Person_0148,1.0,"BROWNIES , (R)",0.0
Conut Jnah,Person_0148,1.0,CAFE MOCHA,507216.22
Conut Jnah,Person_0148,1.0,CAFFE LATTE,417162.16
Conut Jnah,Person_0148,1.0,CHIMNEY THE ONE,1251486.48
Conut Jnah,Person_0148,1.0,CONUT TRIPLE CHOCOLATE,924378.38
Conut Jnah,Person_0148,1.0,CONUT TRIPLE CHOCOLATE,924378.38
Conut Jnah,Person_0148,1.0,DOUBLE ESPRESSO,328432.43
Conut Jnah,Person_0148,1.0,DOUBLE ESPRESSO,328432.43
Conut Jnah,Person_0148,1.0,DOUBLE ESPRESSO,328432.43
Conut Jnah,Person_0148,1.0,DOUBLE ESPRESSO,328432.43
Conut Jnah,Person_0148,1.0,FULL FAT MILK,0.0
Conut Jnah,Person_0148,1.0,HOT,0.0
Conut Jnah,Person_0148,1.0,HOT,0.0
Conut Jnah,Person_0148,1.0,HOT,0.0
Conut Jnah,Person_0148,1.0,HOT,0.0
Conut Jnah,Person_0148,1.0,ICE CREAM ON THE SIDE,0.0
Conut Jnah,Person_0148,1.0,ICED,0.0
Conut Jnah,Person_0148,1.0,ICED,0.0
Conut Jnah,Person_0148,1.0,ICED,0.0
Conut Jnah,Person_0148,1.0,ICED,0.0
Conut Jnah,Person_0148,1.0,ICED SHAKEN ESPRESSO,507216.22
Conut Jnah,Person_0148,1.0,LACTOSE FREE MILK.,0.0
Conut Jnah,Person_0148,1.0,LACTOSE FREE MILK.,0.0
Conut Jnah,Person_0148,1.0,LOTUS SPREAD CONUT.,0.0
Conut Jnah,Person_0148,1.0,NO SPREAD,0.0
Conut Jnah,Person_0148,1.0,NUTELLA SAUCE . (R),0.0
Conut Jnah,Person_0148,1.0,REGULAR.,0.0
Conut Jnah,Person_0148,1.0,REGULAR.,0.0
Conut Jnah,Person_0148,1.0,REGULAR.,0.0
Conut Jnah,Person_0148,1.0,REGULAR.,0.0
Conut Jnah,Person_0148,1.0,REGULAR.,0.0
Conut Jnah,Person_0148,1.0,REGULAR.,0.0
Conut Jnah,Person_0148,1.0,REGULAR.,0.0
Conut Jnah,Person_0148,1.0,REGULAR.,0.0
Conut Jnah,Person_0148,1.0,REGULAR.,0.0
Conut Jnah,Person_0148,1.0,SINGLE ESPRESSO,238378.38
Conut Jnah,Person_0148,1.0,SINGLE ESPRESSO,238378.38
Conut Jnah,Person_0148,1.0,"STRAWBERRY , (R)",0.0
Conut Jnah,Person_0148,1.0,"STRAWBERRY,(R)",0.0
Conut Jnah,Person_0148,1.0,"STRAWBERRY,(R)",0.0
Conut Jnah,Person_0148,1.0,"WHITE CHOCOLATE SAUCE , (R)",0.0
Conut Jnah,Person_0148,1.0,WHITE CHOCOLATE SPREAD CONUT.,0.0
Conut Jnah,Person_0149,1.0,CLASSIC CHIMNEY,595945.95
Conut Jnah,Person_0149,1.0,CLASSIC CHIMNEY,595945.95
Conut Jnah,Person_0149,1.0,DELIVERY CHARGE,238378.38
Conut Jnah,Person_0149,1.0,NUTELLA SPREAD CHIMNEY.,0.0
Conut Jnah,Person_0149,1.0,PISTACHIO SPREAD CHIMNEY.,59594.59
Conut Jnah,Person_0149,1.0,PRESSED,0.0
Conut Jnah,Person_0149,1.0,PRESSED,0.0
Conut Jnah,Person_0149,1.0,STRAWBERRY.,178783.78
Conut Jnah,Person_0149,1.0,STRAWBERRY.,178783.78
Conut Jnah,Person_0149,1.0,STRAWBERRY.,178783.78
Conut Jnah,Person_0149,1.0,STRAWBERRY.,178783.78
Conut Jnah,Person_0150,1.0,ADD ICE CREAM,476756.75
Conut Jnah,Person_0150,1.0,"BROWNIES , (R)",0.0
Conut Jnah,Person_0150,1.0,"CARAMEL SAUCE , (R)",0.0
Conut Jnah,Person_0150,1.0,CONUT THE ONE,893918.92
Conut Jnah,Person_0150,1.0,CONUT TRIPLE CHOCOLATE,924378.38
Conut Jnah,Person_0150,1.0,DELIVERY CHARGE,238378.38
Conut Jnah,Person_0150,1.0,ICE CREAM ON THE SIDE,0.0
Conut Jnah,Person_0150,1.0,NUTELLA SAUCE . (R),0.0
Conut Jnah,Person_0150,1.0,NUTELLA SPREAD CONUT.,0.0
Conut Jnah,Person_0150,1.0,"STRAWBERRY , (R)",0.0
Conut Jnah,Person_0150,1.0,WHITE CHOCOLATE SPREAD CONUT.,0.0
Conut Jnah,Person_0151,1.0,"CARAMEL SAUCE , (R)",0.0
Conut Jnah,Person_0151,1.0,CLASSIC CHIMNEY,595945.95
Conut Jnah,Person_0151,1.0,CONUT THE ONE,893918.92
Conut Jnah,Person_0151,1.0,DELIVERY CHARGE,238378.38
Conut Jnah,Person_0151,1.0,NUTELLA SPREAD CHIMNEY.,0.0
Conut Jnah,Person_0151,1.0,NUTELLA SPREAD CONUT.,0.0
Conut Jnah,Person_0151,1.0,PRESSED,0.0
Conut Jnah,Person_0151,1.0,"STRAWBERRY , (R)",0.0
Conut Jnah,Person_0152,1.0,"BLUEBERRIES , (P)",40540.54
Conut Jnah,Person_0152,1.0,"BLUEBERRIES, (P)",20720.72
Conut Jnah,Person_0152,1.0,"BROWNIES , (R)",0.0
Conut Jnah,Person_0152,1.0,"BROWNIES , (R)",0.0
Conut Jnah,Person_0152,1.0,CHIMNEY THE ORIGINAL,1191891.89
Conut Jnah,Person_0152,1.0,CONUT BOSTON CHEESECAKE,924378.38
Conut Jnah,Person_0152,1.0,CONUT THE ONE,893918.92
Conut Jnah,Person_0152,1.0,CONUT TRIPLE CHOCOLATE,924378.38
Conut Jnah,Person_0152,1.0,"CRUSHED LOTUS , (R)",0.0
Conut Jnah,Person_0152,1.0,DELIVERY CHARGE,238378.38
Conut Jnah,Person_0152,1.0,ICE CREAM ON THE SIDE,0.0
Conut Jnah,Person_0152,1.0,"LOTUS SAUCE , (R)",0.0
Conut Jnah,Person_0152,1.0,LOTUS SPREAD CHIMNEY.,0.0
Conut Jnah,Person_0152,1.0,LOTUS SPREAD CONUT.,0.0
Conut Jnah,Person_0152,1.0,NO SPREAD..,0.0
Conut Jnah,Person_0152,1.0,NUTELLA SAUCE . (R),0.0
Conut Jnah,Person_0152,1.0,RASPBERRIES (P),119189.19
Conut Jnah,Person_0152,1.0,RASPBERRIES.,238378.38
Conut Jnah,Person_0152,1.0,STRAWBERRIES (R),90054.05
Conut Jnah,Person_0152,1.0,"STRAWBERRY,(R)",0.0
Conut Jnah,Person_0152,1.0,WHITE CHOCOLATE SPREAD CONUT.,0.0
Conut Jnah,Person_0153,1.0,CHIMNEY THE ONE,1251486.48
Conut Jnah,Person_0153,1.0,CHIMNEY THE ONE,1251486.48
Conut Jnah,Person_0153,1.0,DELIVERY CHARGE,238378.38
Conut Jnah,Person_0153,1.0,NO TOPPINGS,0.0
Conut Jnah,Person_0153,1.0,NO TOPPINGS,0.0
Conut Jnah,Person_0153,1.0,NO TOPPINGS,0.0
Conut Jnah,Person_0153,1.0,NUTELLA SPREAD CHIMNEY.,0.0
Conut Jnah,Person_0153,1.0,NUTELLA SPREAD CHIMNEY.,0.0
Conut Jnah,Person_0153,1.0,"STRAWBERRY,(R)",0.0
Conut Jnah,Person_0154,1.0,"CARAMEL SAUCE  ,(R)",0.0
Conut Jnah,Person_0154,1.0,"CRUSHED LOTUS,(R)",0.0
Conut Jnah,Person_0154,1.0,DELIVERY CHARGE,238378.38
Conut Jnah,Person_0154,1.0,MINI BOSTON CHEESECAKE,536351.34
Conut Jnah,Person_0154,1.0,MINI THE ONE,507216.22
Conut Jnah,Person_0154,1.0,NO SPREAD .,0.0
Conut Jnah,Person_0154,1.0,NUTELLA SPREAD MINI.,0.0
Conut Jnah,Person_0154,1.0,STRAWBERRY .(R),0.0
Conut Jnah,Person_0154,1.0,STRAWBERRY .(R),0.0
Conut Jnah,Person_0154,1.0,TIRAMISU MINI CONUT,595945.95
Conut Jnah,Person_0155,1.0,"CARAMEL SAUCE , (R)",0.0
Conut Jnah,Person_0155,1.0,CONUT THE ONE,893918.92
Conut Jnah,Person_0155,1.0,DELIVERY CHARGE,238378.38
Conut Jnah,Person_0155,1.0,NUTELLA SPREAD CONUT.,0.0
Conut Jnah,Person_0155,1.0,"STRAWBERRY , (R)",0.0
Conut Jnah,Person_0156,1.0,"CARAMEL SAUCE , (R)",0.0
Conut Jnah,Person_0156,1.0,CONUT BERRY MIX,893918.92
Conut Jnah,Person_0156,1.0,DELIVERY CHARGE,238378.38
Conut Jnah,Person_0156,1.0,NUTELLA SAUCE . (R),0.0
Conut Jnah,Person_0156,1.0,NUTELLA SPREAD CONUT.,0.0
Conut Jnah,Person_0157,1.0,BLUEBERRIES.,238378.38
Conut Jnah,Person_0157,1.0,CHIMNEY THE ONE,1251486.48
Conut Jnah,Person_0157,1.0,CRUSHED LOTUS.,178783.78
Conut Jnah,Person_0157,1.0,DELIVERY CHARGE,238378.38
Conut Jnah,Person_0157,1.0,LOTUS SAUCE.,178783.78
Conut Jnah,Person_0157,1.0,LOTUS SPREAD CHIMNEY.,0.0
Conut Jnah,Person_0157,1.0,PISTACHIO SPREAD CHIMNEY,238378.38
Conut Jnah,Person_0157,1.0,"STRAWBERRY,(R)",0.0
Conut Jnah,Person_0157,1.0,WHITE CHOCOLATE SAUCE .(R),0.0
Conut Jnah,Person_0158,1.0,ADD ICE CREAM,476756.75
Conut Jnah,Person_0158,1.0,CLASSIC CHIMNEY,595945.95
Conut Jnah,Person_0158,1.0,DELIVERY CHARGE,238378.38
Conut Jnah,Person_0158,1.0,ICE CREAM ON THE SIDE,0.0
Conut Jnah,Person_0158,1.0,NUTELLA SPREAD CHIMNEY.,0.0
Conut Jnah,Person_0158,1.0,PRESSED,0.0
Conut Jnah,Person_0159,1.0,ADD ICE CREAM,476756.75
Conut Jnah,Person_0159,1.0,ADD ICE CREAM,476756.75
Conut Jnah,Person_0159,1.0,ADD ICE CREAM,476756.75
Conut Jnah,Person_0159,1.0,CLASSIC CHIMNEY,595945.95
Conut Jnah,Person_0159,1.0,CLASSIC CHIMNEY,595945.95
Conut Jnah,Person_0159,1.0,CLASSIC CHIMNEY,595945.95
Conut Jnah,Person_0159,1.0,DELIVERY CHARGE,238378.38
Conut Jnah,Person_0159,1.0,ICE CREAM ON THE SIDE,0.0
Conut Jnah,Person_0159,1.0,ICE CREAM ON THE SIDE,0.0
Conut Jnah,Person_0159,1.0,ICE CREAM ON THE SIDE,0.0
Conut Jnah,Person_0159,1.0,NO CINNAMON,0.0
Conut Jnah,Person_0159,1.0,NUTELLA SPREAD CHIMNEY.,0.0
Conut Jnah,Person_0159,1.0,NUTELLA SPREAD CHIMNEY.,0.0
Conut Jnah,Person_0159,1.0,NUTELLA SPREAD CHIMNEY.,0.0
Conut Jnah,Person_0159,1.0,PRESSED,0.0
Conut Jnah,Person_0159,1.0,PRESSED,0.0
Conut Jnah,Person_0159,1.0,PRESSED,0.0
Conut Jnah,Person_0160,1.0,BOSTON CHEESECAKE MINI,0.0
Conut Jnah,Person_0160,1.0,DELIVERY CHARGE,238378.38
Conut Jnah,Person_0160,1.0,PISTACHIO MINI,0.0
Conut Jnah,Person_0160,1.0,THE ONE MINI,0.0
Conut Jnah,Person_0160,1.0,THE SHARING BOX.,1668648.66
Conut Jnah,Person_0160,1.0,TRIPLE CHOCOLATE MINI,0.0
Conut Jnah,Person_0161,1.0,BROWNIES . (R),0.0
Conut Jnah,Person_0161,1.0,CHIMNEY THE ORIGINAL,1191891.89
Conut Jnah,Person_0161,1.0,CHIMNEY THE ORIGINAL,1191891.89
Conut Jnah,Person_0161,1.0,CHIMNEY THE ORIGINAL,1191891.89
Conut Jnah,Person_0161,1.0,DELIVERY CHARGE,238378.38
Conut Jnah,Person_0161,1.0,DELIVERY CHARGE,238378.38
Conut Jnah,Person_0161,1.0,ICE CREAM ON THE SIDE,0.0
Conut Jnah,Person_0161,1.0,ICE CREAM ON THE SIDE,0.0
Conut Jnah,Person_0161,1.0,ICE CREAM ON THE SIDE,0.0
Conut Jnah,Person_0161,1.0,"NUTELLA SAUCE,(R)",0.0
Conut Jnah,Person_0161,1.0,"NUTELLA SAUCE,(R)",0.0
Conut Jnah,Person_0161,1.0,"NUTELLA SAUCE,(R)",0.0
Conut Jnah,Person_0161,1.0,NUTELLA SPREAD CHIMNEY.,0.0
Conut Jnah,Person_0161,1.0,NUTELLA SPREAD CHIMNEY.,0.0
Conut Jnah,Person_0161,1.0,NUTELLA SPREAD CHIMNEY.,0.0
Conut Jnah,Person_0161,1.0,"RASPBERRIES ,(P)",40540.54
Conut Jnah,Person_0161,1.0,"RASPBERRIES ,(P)",40540.54
Conut Jnah,Person_0162,1.0,CLASSIC CHIMNEY,595945.95
Conut Jnah,Person_0162,1.0,CLASSIC CHIMNEY,595945.95
Conut Jnah,Person_0162,1.0,CLASSIC CHIMNEY,595945.95
Conut Jnah,Person_0162,1.0,CLASSIC CHIMNEY,595945.95
Conut Jnah,Person_0162,1.0,CLASSIC CHIMNEY,595945.95
Conut Jnah,Person_0162,1.0,DELIVERY CHARGE,238378.38
Conut Jnah,Person_0162,1.0,NO SPREAD,0.0
Conut Jnah,Person_0162,1.0,NUTELLA SPREAD CHIMNEY.,0.0
Conut Jnah,Person_0162,1.0,NUTELLA SPREAD CHIMNEY.,0.0
Conut Jnah,Person_0162,1.0,NUTELLA SPREAD CHIMNEY.,0.0
Conut Jnah,Person_0162,1.0,NUTELLA SPREAD CHIMNEY.,0.0
Conut Jnah,Person_0162,1.0,PRESSED,0.0
Conut Jnah,Person_0162,1.0,PRESSED,0.0
Conut Jnah,Person_0162,1.0,PRESSED,0.0
Conut Jnah,Person_0162,1.0,REGULAR,0.0
Conut Jnah,Person_0162,1.0,REGULAR,0.0
Conut Jnah,Person_0163,1.0,BROWNIES . (R),0.0
Conut Jnah,Person_0163,1.0,CHIMNEY THE ORIGINAL,1191891.89
Conut Jnah,Person_0163,1.0,CLASSIC CHIMNEY,595945.95
Conut Jnah,Person_0163,1.0,DELIVERY CHARGE,238378.38
Conut Jnah,Person_0163,1.0,ICE CREAM ON THE SIDE,0.0
Conut Jnah,Person_0163,1.0,"NUTELLA SAUCE,(R)",0.0
Conut Jnah,Person_0163,1.0,NUTELLA SPREAD CHIMNEY.,0.0
Conut Jnah,Person_0163,1.0,NUTELLA SPREAD CHIMNEY.,0.0
Conut Jnah,Person_0163,1.0,PRESSED,0.0
Conut Jnah,Person_0163,1.0,STRAWBERRY.,178783.78
Conut Jnah,Person_0164,1.0,CHIMNEY THE ONE,1251486.48
Conut Jnah,Person_0164,1.0,DELIVERY CHARGE,238378.38
Conut Jnah,Person_0164,1.0,"LOTUS SAUCE,(R)",0.0
Conut Jnah,Person_0164,1.0,NO SPREAD,0.0
Conut Jnah,Person_0164,1.0,"STRAWBERRY,(R)",0.0
Conut Jnah,Person_0165,1.0,"CARAMEL SAUCE, (R)",0.0
Conut Jnah,Person_0165,1.0,"CARAMEL SAUCE, (R)",0.0
Conut Jnah,Person_0165,1.0,"CARAMEL SAUCE, (R)",0.0
Conut Jnah,Person_0165,1.0,CHIMNEY THE ONE,1251486.48
Conut Jnah,Person_0165,1.0,CHIMNEY THE ONE,1251486.48
Conut Jnah,Person_0165,1.0,DELIVERY CHARGE,238378.38
Conut Jnah,Person_0165,1.0,NUTELLA SPREAD CHIMNEY.,0.0
Conut Jnah,Person_0165,1.0,NUTELLA SPREAD CHIMNEY.,0.0
Conut Jnah,Person_0165,1.0,"STRAWBERRY,(R)",0.0
Conut Jnah,Person_0166,1.0,BOSTON CHEESECAKE MINI,0.0
Conut Jnah,Person_0166,1.0,DELIVERY CHARGE,238378.38
Conut Jnah,Person_0166,1.0,PISTACHIO MINI,0.0
Conut Jnah,Person_0166,1.0,THE ONE MINI,0.0
Conut Jnah,Person_0166,1.0,THE SHARING BOX.,1668648.66
Conut Jnah,Person_0166,1.0,TRIPLE CHOCOLATE MINI,0.0
Conut Jnah,Person_0167,1.0,CHIMNEY PISTACHIO,1430270.27
Conut Jnah,Person_0167,1.0,CLASSIC CHIMNEY,595945.95
Conut Jnah,Person_0167,1.0,DELIVERY CHARGE,238378.38
Conut Jnah,Person_0167,1.0,DELIVERY CHARGE,238378.38
Conut Jnah,Person_0167,1.0,"NO SPREAD,,",0.0
Conut Jnah,Person_0167,1.0,NUTELLA SPREAD CHIMNEY.,0.0
Conut Jnah,Person_0167,1.0,PISTACHIO SAUCE.,238378.38
Conut Jnah,Person_0167,1.0,PISTACHIO SAUCE.,238378.38
Conut Jnah,Person_0167,1.0,PRESSED,0.0
Conut Jnah,Person_0167,1.0,"STRAWBERRY,(R)",0.0
Conut Jnah,Person_0167,1.0,"STRAWBERRY,(R)",0.0
Conut Jnah,Person_0167,1.0,STRAWBERRY.,178783.78
Conut Jnah,Person_0168,1.0,BROWNIES . (R),0.0
Conut Jnah,Person_0168,1.0,CHIMNEY THE ORIGINAL,1191891.89
Conut Jnah,Person_0168,1.0,CHIMNEY THE ORIGINAL,1191891.89
Conut Jnah,Person_0168,1.0,DELIVERY CHARGE,238378.38
Conut Jnah,Person_0168,1.0,ICE CREAM ON THE SIDE,0.0
Conut Jnah,Person_0168,1.0,ICE CREAM ON THE SIDE,0.0
Conut Jnah,Person_0168,1.0,LOTUS SPREAD CHIMNEY.,0.0
Conut Jnah,Person_0168,1.0,"NUTELLA SAUCE,(R)",0.0
Conut Jnah,Person_0168,1.0,NUTELLA SPREAD CHIMNEY.,0.0
Conut Jnah,Person_0168,1.0,"STRAWBERRY,(R)",0.0
Conut Jnah,Person_0168,1.0,WHITE CHOCOLATE SAUCE .(R),0.0
Conut Jnah,Person_0169,1.0,ADD ICE CREAM,476756.75
Conut Jnah,Person_0169,1.0,ADD ICE CREAM,476756.75
Conut Jnah,Person_0169,1.0,ADD ICE CREAM,476756.75
Conut Jnah,Person_0169,1.0,ADD ICE CREAM,476756.75
Conut Jnah,Person_0169,1.0,"BLUEBERRIES , (P)",40540.54
Conut Jnah,Person_0169,1.0,"BLUEBERRIES , (P)",40540.54
Conut Jnah,Person_0169,1.0,BROWNIES . (R),0.0
Conut Jnah,Person_0169,1.0,BROWNIES . (R),0.0
Conut Jnah,Person_0169,1.0,CHIMNEY THE ONE,1251486.48
Conut Jnah,Person_0169,1.0,CHIMNEY THE ONE,1251486.48
Conut Jnah,Person_0169,1.0,CHIMNEY TRIPLE CHOCOLATE,1311081.08
Conut Jnah,Person_0169,1.0,CHIMNEY TRIPLE CHOCOLATE,1311081.08
Conut Jnah,Person_0169,1.0,DELIVERY CHARGE,238378.38
Conut Jnah,Person_0169,1.0,ICE CREAM ON THE SIDE,0.0
Conut Jnah,Person_0169,1.0,ICE CREAM ON THE SIDE,0.0
Conut Jnah,Person_0169,1.0,ICE CREAM ON THE SIDE,0.0
Conut Jnah,Person_0169,1.0,ICE CREAM ON THE SIDE,0.0
Conut Jnah,Person_0169,1.0,"NUTELLA SAUCE,(R)",0.0
Conut Jnah,Person_0169,1.0,"NUTELLA SAUCE,(R)",0.0
Conut Jnah,Person_0169,1.0,NUTELLA SPREAD CHIMNEY.,0.0
Conut Jnah,Person_0169,1.0,NUTELLA SPREAD CHIMNEY.,0.0
Conut Jnah,Person_0169,1.0,"STRAWBERRY,(R)",0.0
Conut Jnah,Person_0169,1.0,"STRAWBERRY,(R)",0.0
Conut Jnah,Person_0169,1.0,WHITE CHOCOLATE SPREAD CHIMNEY.,0.0
Conut Jnah,Person_0169,1.0,WHITE CHOCOLATE SPREAD CHIMNEY.,0.0
Conut Jnah,Person_0170,1.0,DELIVERY CHARGE,238378.38
Conut Jnah,Person_0170,1.0,MINI BERRY MIX,507216.22
Conut Jnah,Person_0170,1.0,"NUTELLA SAUCE ,(R)",0.0
Conut Jnah,Person_0170,1.0,NUTELLA SPREAD MINI.,0.0
Conut Jnah,Person_0170,1.0,WHIPPED CREAM  .,0.0
Conut Jnah,Person_0171,1.0,ADD ICE CREAM,476756.75
Conut Jnah,Person_0171,1.0,ADD ICE CREAM,476756.75
Conut Jnah,Person_0171,1.0,BROWNIES . (R),0.0
Conut Jnah,Person_0171,1.0,CHIMNEY THE ONE,1251486.48
Conut Jnah,Person_0171,1.0,CHIMNEY TRIPLE CHOCOLATE,1311081.08
Conut Jnah,Person_0171,1.0,DELIVERY CHARGE,238378.38
Conut Jnah,Person_0171,1.0,ICE CREAM ON THE SIDE,0.0
Conut Jnah,Person_0171,1.0,ICE CREAM ON THE SIDE,0.0
Conut Jnah,Person_0171,1.0,"NUTELLA SAUCE,(R)",0.0
Conut Jnah,Person_0171,1.0,"NUTELLA SAUCE,(R)",0.0
Conut Jnah,Person_0171,1.0,NUTELLA SPREAD CHIMNEY.,0.0
Conut Jnah,Person_0171,1.0,"STRAWBERRY,(R)",0.0
Conut Jnah,Person_0171,1.0,STRAWBERRY.,178783.78
Conut Jnah,Person_0171,1.0,WHITE CHOCOLATE SPREAD CHIMNEY.,0.0
Conut Jnah,Person_0172,1.0,CHIMNEY BERRY MIX,1251486.48
Conut Jnah,Person_0172,1.0,CLASSIC CHIMNEY,595945.95
Conut Jnah,Person_0172,1.0,DELIVERY CHARGE,238378.38
Conut Jnah,Person_0172,1.0,"NUTELLA SAUCE,(R)",0.0
Conut Jnah,Person_0172,1.0,NUTELLA SPREAD CHIMNEY.,0.0
Conut Jnah,Person_0172,1.0,NUTELLA SPREAD CHIMNEY.,0.0
Conut Jnah,Person_0172,1.0,REGULAR,0.0
Conut Jnah,Person_0172,1.0,"WHIPPED CREAM   ,",0.0
Conut Jnah,Person_0173,1.0,BROWNIES . (R),0.0
Conut Jnah,Person_0173,1.0,CHIMNEY THE ONE,1251486.48
Conut Jnah,Person_0173,1.0,CLASSIC CHIMNEY,595945.95
Conut Jnah,Person_0173,1.0,CLASSIC CHIMNEY,595945.95
Conut Jnah,Person_0173,1.0,DELIVERY CHARGE,238378.38
Conut Jnah,Person_0173,1.0,NO SPREAD,0.0
Conut Jnah,Person_0173,1.0,NUTELLA SPREAD CHIMNEY.,0.0
Conut Jnah,Person_0173,1.0,NUTELLA SPREAD CHIMNEY.,0.0
Conut Jnah,Person_0173,1.0,PRESSED,0.0
Conut Jnah,Person_0173,1.0,PRESSED,0.0
Conut Jnah,Person_0173,1.0,WHITE CHOCOLATE SAUCE .(R),0.0
Conut Jnah,Person_0174,1.0,BROWNIES . (R),0.0
Conut Jnah,Person_0174,1.0,BROWNIES . (R),0.0
Conut Jnah,Person_0174,1.0,CHIMNEY BERRY MIX,1251486.48
Conut Jnah,Person_0174,1.0,CHIMNEY THE ORIGINAL,1191891.89
Conut Jnah,Person_0174,1.0,CHIMNEY THE ORIGINAL,1191891.89
Conut Jnah,Person_0174,1.0,DELIVERY CHARGE,238378.38
Conut Jnah,Person_0174,1.0,ICE CREAM ON THE SIDE,0.0
Conut Jnah,Person_0174,1.0,ICE CREAM ON THE SIDE,0.0
Conut Jnah,Person_0174,1.0,"NUTELLA SAUCE,(R)",0.0
Conut Jnah,Person_0174,1.0,NUTELLA SPREAD CHIMNEY.,0.0
Conut Jnah,Person_0174,1.0,NUTELLA SPREAD CHIMNEY.,0.0
Conut Jnah,Person_0174,1.0,NUTELLA SPREAD CHIMNEY.,0.0
Conut Jnah,Person_0174,1.0,"WHIPPED CREAM   ,",0.0
Conut Jnah,Person_0174,1.0,WHITE CHOCOLATE SAUCE .(R),0.0
Conut Jnah,Person_0174,1.0,WHITE CHOCOLATE SAUCE .(R),0.0
Conut Jnah,Person_0175,1.0,BROWNIES . (R),0.0
Conut Jnah,Person_0175,1.0,CHIMNEY TRIPLE CHOCOLATE,1311081.08
Conut Jnah,Person_0175,1.0,DELIVERY CHARGE,238378.38
Conut Jnah,Person_0175,1.0,"NUTELLA SAUCE,(R)",0.0
Conut Jnah,Person_0175,1.0,WHITE CHOCOLATE SPREAD CHIMNEY.,0.0
Conut Jnah,Person_0176,1.0,"CARAMEL SAUCE , (R)",0.0
Conut Jnah,Person_0176,1.0,CONUT THE ONE,893918.92
Conut Jnah,Person_0176,1.0,DELIVERY CHARGE,238378.38
Conut Jnah,Person_0176,1.0,NUTELLA SPREAD CONUT.,0.0
Conut Jnah,Person_0176,1.0,"STRAWBERRY , (R)",0.0
Conut Jnah,Person_0177,1.0,"BROWNIES , (R)",0.0
Conut Jnah,Person_0177,1.0,CINNAMON SUGAR RINGS,417162.16
Conut Jnah,Person_0177,1.0,CONUT BOSTON CHEESECAKE,924378.38
Conut Jnah,Person_0177,1.0,CONUT TRIPLE CHOCOLATE,924378.38
Conut Jnah,Person_0177,1.0,"CRUSHED LOTUS , (R)",0.0
Conut Jnah,Person_0177,1.0,DELIVERY CHARGE,238378.38
Conut Jnah,Person_0177,1.0,NO SPREAD..,0.0
Conut Jnah,Person_0177,1.0,NUTELLA SAUCE . (R),0.0
Conut Jnah,Person_0177,1.0,"STRAWBERRY , (R)",0.0
Conut Jnah,Person_0177,1.0,WHITE CHOCOLATE DIP.(R),0.0
Conut Jnah,Person_0177,1.0,WHITE CHOCOLATE SPREAD CONUT.,0.0
Conut Jnah,Person_0178,1.0,BROWNIES.,178783.78
Conut Jnah,Person_0178,1.0,CLASSIC CHIMNEY,595945.95
Conut Jnah,Person_0178,1.0,DELIVERY CHARGE,238378.38
Conut Jnah,Person_0178,1.0,NUTELLA SPREAD CHIMNEY.,0.0
Conut Jnah,Person_0178,1.0,PRESSED,0.0
Conut Jnah,Person_0178,1.0,STRAWBERRY.,178783.78
Conut Jnah,Person_0178,1.0,WHITE CHOCOLATE SPREAD CHIMNEY,178783.78
Conut Jnah,Person_0179,1.0,BROWNIES . (R),0.0
Conut Jnah,Person_0179,1.0,CHIMNEY TRIPLE CHOCOLATE,1311081.08
Conut Jnah,Person_0179,1.0,DELIVERY CHARGE,238378.38
Conut Jnah,Person_0179,1.0,"NUTELLA SAUCE,(R)",0.0
Conut Jnah,Person_0179,1.0,NUTELLA SPREAD CHIMNEY.,0.0
Conut Jnah,Person_0180,1.0,CINNAMON SUGAR RINGS,417162.16
Conut Jnah,Person_0180,1.0,CINNAMON SUGAR RINGS,417162.16
Conut Jnah,Person_0180,1.0,CINNAMON SUGAR RINGS,417162.16
Conut Jnah,Person_0180,1.0,CLASSIC CHIMNEY,595945.95
Conut Jnah,Person_0180,1.0,CLASSIC CHIMNEY,595945.95
Conut Jnah,Person_0180,1.0,DELIVERY CHARGE,238378.38
Conut Jnah,Person_0180,1.0,LOTUS DIP.(R),0.0
Conut Jnah,Person_0180,1.0,NUTELLA DIP.(R),0.0
Conut Jnah,Person_0180,1.0,NUTELLA DIP.(R),0.0
Conut Jnah,Person_0180,1.0,NUTELLA SPREAD CHIMNEY.,0.0
Conut Jnah,Person_0180,1.0,NUTELLA SPREAD CHIMNEY.,0.0
Conut Jnah,Person_0180,1.0,PRESSED,0.0
Conut Jnah,Person_0180,1.0,PRESSED,0.0
Conut Jnah,Person_0181,1.0,"CARAMEL SAUCE, (R)",0.0
Conut Jnah,Person_0181,1.0,CHIMNEY THE ONE,1251486.48
Conut Jnah,Person_0181,1.0,DELIVERY CHARGE,238378.38
Conut Jnah,Person_0181,1.0,NUTELLA SPREAD CHIMNEY.,0.0
Conut Jnah,Person_0181,1.0,"STRAWBERRY,(R)",0.0
Conut Jnah,Person_0182,1.0,BOSTON CHEESECAKE CONUT,0.0
Conut Jnah,Person_0182,1.0,BOSTON CHEESECAKE CONUT,0.0
Conut Jnah,Person_0182,1.0,CHIMNEY BERRY MIX,1251486.48
Conut Jnah,Person_0182,1.0,CHIMNEY BERRY MIX,1251486.48
Conut Jnah,Person_0182,1.0,CONUT COMBO,2741351.34
Conut Jnah,Person_0182,1.0,CONUT COMBO,2741351.34
Conut Jnah,Person_0182,1.0,CONUT PISTACHIO,1013108.11
Conut Jnah,Person_0182,1.0,CONUT PISTACHIO,1013108.11
Conut Jnah,Person_0182,1.0,CONUT PISTACHIO,1013108.11
Conut Jnah,Person_0182,1.0,CONUT PISTACHIO,1013108.11
Conut Jnah,Person_0182,1.0,DELIVERY CHARGE,238378.38
Conut Jnah,Person_0182,1.0,DELIVERY CHARGE,238378.38
Conut Jnah,Person_0182,1.0,DELIVERY CHARGE,238378.38
Conut Jnah,Person_0182,1.0,NO SPREAD..,0.0
Conut Jnah,Person_0182,1.0,NO SPREAD..,0.0
Conut Jnah,Person_0182,1.0,NO SPREAD..,0.0
Conut Jnah,Person_0182,1.0,NO SPREAD..,0.0
Conut Jnah,Person_0182,1.0,"NUTELLA SAUCE,(R)",0.0
Conut Jnah,Person_0182,1.0,"NUTELLA SAUCE,(R)",0.0
Conut Jnah,Person_0182,1.0,NUTELLA SPREAD CHIMNEY.,0.0
Conut Jnah,Person_0182,1.0,NUTELLA SPREAD CHIMNEY.,0.0
Conut Jnah,Person_0182,1.0,PISTACHIO CONUT,0.0
Conut Jnah,Person_0182,1.0,PISTACHIO CONUT,0.0
Conut Jnah,Person_0182,1.0,PISTACHIO TOPPING,0.0
Conut Jnah,Person_0182,1.0,PISTACHIO TOPPING,0.0
Conut Jnah,Person_0182,1.0,PISTACHIO TOPPING,0.0
Conut Jnah,Person_0182,1.0,PISTACHIO TOPPING,0.0
Conut Jnah,Person_0182,1.0,"STRAWBERRY , (R)",0.0
Conut Jnah,Person_0182,1.0,"STRAWBERRY , (R)",0.0
Conut Jnah,Person_0182,1.0,"STRAWBERRY , (R)",0.0
Conut Jnah,Person_0182,1.0,"STRAWBERRY , (R)",0.0
Conut Jnah,Person_0182,1.0,THE ONE CONUT,0.0
Conut Jnah,Person_0182,1.0,THE ONE CONUT,0.0
Conut Jnah,Person_0182,1.0,TRIPLE CHOCOLATE CONUT,0.0
Conut Jnah,Person_0182,1.0,TRIPLE CHOCOLATE CONUT,0.0
Conut Jnah,Person_0182,1.0,"WHIPPED CREAM   ,",0.0
Conut Jnah,Person_0182,1.0,"WHIPPED CREAM   ,",0.0
Conut Jnah,Person_0183,1.0,BROWNIES . (R),0.0
Conut Jnah,Person_0183,1.0,BROWNIES . (R),0.0
Conut Jnah,Person_0183,1.0,CHIMNEY THE ONE,1251486.48
Conut Jnah,Person_0183,1.0,CLASSIC CHIMNEY,595945.95
Conut Jnah,Person_0183,1.0,CRUSHED LOTUS.,178783.78
Conut Jnah,Person_0183,1.0,DELIVERY CHARGE,238378.38
Conut Jnah,Person_0183,1.0,LOTUS SPREAD CHIMNEY.,0.0
Conut Jnah,Person_0183,1.0,NUTELLA SPREAD CHIMNEY.,0.0
Conut Jnah,Person_0183,1.0,PRESSED,0.0
Conut Jnah,Person_0184,1.0,"CARAMEL SAUCE , (R)",0.0
Conut Jnah,Person_0184,1.0,CHIMNEY PISTACHIO,1430270.27
Conut Jnah,Person_0184,1.0,CONUT THE ONE,893918.92
Conut Jnah,Person_0184,1.0,DELIVERY CHARGE,238378.38
Conut Jnah,Person_0184,1.0,"NO SPREAD,,",0.0
Conut Jnah,Person_0184,1.0,NUTELLA SPREAD CONUT.,0.0
Conut Jnah,Person_0184,1.0,"STRAWBERRY , (R)",0.0
Conut Jnah,Person_0184,1.0,"STRAWBERRY,(R)",0.0
Conut Jnah,Person_0184,1.0,"STRAWBERRY,(R)",0.0
Conut Jnah,Person_0185,1.0,BROWNIES . (R),0.0
Conut Jnah,Person_0185,1.0,"CARAMEL SAUCE , (R)",0.0
Conut Jnah,Person_0185,1.0,CHIMNEY THE ORIGINAL,1191891.89
Conut Jnah,Person_0185,1.0,CONUT THE ONE,893918.92
Conut Jnah,Person_0185,1.0,DELIVERY CHARGE,238378.38
Conut Jnah,Person_0185,1.0,ICE CREAM ON THE SIDE,0.0
Conut Jnah,Person_0185,1.0,NUTELLA SPREAD CHIMNEY.,0.0
Conut Jnah,Person_0185,1.0,NUTELLA SPREAD CONUT.,0.0
Conut Jnah,Person_0185,1.0,"STRAWBERRY , (R)",0.0
Conut Jnah,Person_0185,1.0,WHITE CHOCOLATE SAUCE .(R),0.0
Conut Jnah,Person_0186,1.0,"BROWNIES , (R)",0.0
Conut Jnah,Person_0186,1.0,BROWNIES . (R),0.0
Conut Jnah,Person_0186,1.0,CHIMNEY THE ONE,1251486.48
Conut Jnah,Person_0186,1.0,CONUT BOSTON CHEESECAKE,924378.38
Conut Jnah,Person_0186,1.0,CONUT TRIPLE CHOCOLATE,924378.38
Conut Jnah,Person_0186,1.0,"CRUSHED LOTUS , (R)",0.0
Conut Jnah,Person_0186,1.0,DELIVERY CHARGE,238378.38
Conut Jnah,Person_0186,1.0,NO SPREAD..,0.0
Conut Jnah,Person_0186,1.0,NUTELLA SAUCE . (R),0.0
Conut Jnah,Person_0186,1.0,NUTELLA SPREAD CHIMNEY.,0.0
Conut Jnah,Person_0186,1.0,"STRAWBERRY , (R)",0.0
Conut Jnah,Person_0186,1.0,"STRAWBERRY,(R)",0.0
Conut Jnah,Person_0186,1.0,WHITE CHOCOLATE SPREAD CONUT.,0.0
Conut Jnah,Person_0187,1.0,BROWNIES . (R),0.0
Conut Jnah,Person_0187,1.0,CHIMNEY THE ORIGINAL,1191891.89
Conut Jnah,Person_0187,1.0,CLASSIC CHIMNEY,595945.95
Conut Jnah,Person_0187,1.0,DELIVERY CHARGE,238378.38
Conut Jnah,Person_0187,1.0,ICE CREAM ON THE SIDE,0.0
Conut Jnah,Person_0187,1.0,LOTUS SPREAD CHIMNEY,178783.78
Conut Jnah,Person_0187,1.0,"NUTELLA SAUCE,(R)",0.0
Conut Jnah,Person_0187,1.0,NUTELLA SPREAD CHIMNEY.,0.0
Conut Jnah,Person_0187,1.0,NUTELLA SPREAD CHIMNEY.,0.0
Conut Jnah,Person_0187,1.0,PRESSED,0.0
Conut Jnah,Person_0187,1.0,STRAWBERRY.,178783.78
Conut Jnah,Person_0188,1.0,CHIMNEY THE ONE,1251486.48
Conut Jnah,Person_0188,1.0,DELIVERY CHARGE,238378.38
Conut Jnah,Person_0188,1.0,"LOTUS SAUCE,(R)",0.0
Conut Jnah,Person_0188,1.0,NUTELLA SPREAD CHIMNEY.,0.0
Conut Jnah,Person_0188,1.0,"STRAWBERRY,(R)",0.0
Conut Jnah,Person_0189,1.0,"CARAMEL SAUCE , (R)",0.0
Conut Jnah,Person_0189,1.0,"CARAMEL SAUCE , (R)",0.0
Conut Jnah,Person_0189,1.0,"CARAMEL SAUCE , (R)",0.0
Conut Jnah,Person_0189,1.0,CONUT THE ONE,893918.92
Conut Jnah,Person_0189,1.0,CONUT THE ONE,893918.92
Conut Jnah,Person_0189,1.0,CONUT THE ONE,893918.92
Conut Jnah,Person_0189,1.0,DELIVERY CHARGE,238378.38
Conut Jnah,Person_0189,1.0,DELIVERY CHARGE,238378.38
Conut Jnah,Person_0189,1.0,NUTELLA SPREAD CONUT.,0.0
Conut Jnah,Person_0189,1.0,NUTELLA SPREAD CONUT.,0.0
Conut Jnah,Person_0189,1.0,NUTELLA SPREAD CONUT.,0.0
Conut Jnah,Person_0189,1.0,"STRAWBERRY , (R)",0.0
Conut Jnah,Person_0189,1.0,"STRAWBERRY , (R)",0.0
Conut Jnah,Person_0189,1.0,"STRAWBERRY , (R)",0.0
Conut Jnah,Person_0190,1.0,"CARAMEL SAUCE , (R)",0.0
Conut Jnah,Person_0190,1.0,CONUT THE ONE,893918.92
Conut Jnah,Person_0190,1.0,DELIVERY CHARGE,238378.38
Conut Jnah,Person_0190,1.0,NUTELLA SPREAD CONUT.,0.0
Conut Jnah,Person_0190,1.0,"STRAWBERRY , (R)",0.0
Conut Jnah,Person_0191,1.0,ADD ICE CREAM,476756.75
Conut Jnah,Person_0191,1.0,ADD ICE CREAM,476756.75
Conut Jnah,Person_0191,1.0,"BROWNIES , (R)",0.0
Conut Jnah,Person_0191,1.0,BROWNIES . (R),0.0
Conut Jnah,Person_0191,1.0,BROWNIES . (R),0.0
Conut Jnah,Person_0191,1.0,BROWNIES . (R),0.0
Conut Jnah,Person_0191,1.0,"CARAMEL SAUCE , (R)",0.0
Conut Jnah,Person_0191,1.0,"CARAMEL SAUCE, (R)",0.0
Conut Jnah,Person_0191,1.0,CHIMNEY THE ONE,1251486.48
Conut Jnah,Person_0191,1.0,CHIMNEY THE ONE,1251486.48
Conut Jnah,Person_0191,1.0,CHIMNEY THE ONE,1251486.48
Conut Jnah,Person_0191,1.0,CHIMNEY THE ORIGINAL,1191891.89
Conut Jnah,Person_0191,1.0,CHIMNEY THE ORIGINAL,1191891.89
Conut Jnah,Person_0191,1.0,CONUT THE ONE,893918.92
Conut Jnah,Person_0191,1.0,CONUT THE ONE,893918.92
Conut Jnah,Person_0191,1.0,CONUT THE ONE,893918.92
Conut Jnah,Person_0191,1.0,DELIVERY CHARGE,238378.38
Conut Jnah,Person_0191,1.0,DELIVERY CHARGE,238378.38
Conut Jnah,Person_0191,1.0,ICE CREAM ON THE SIDE,0.0
Conut Jnah,Person_0191,1.0,ICE CREAM ON THE SIDE,0.0
Conut Jnah,Person_0191,1.0,ICE CREAM ON THE SIDE,0.0
Conut Jnah,Person_0191,1.0,ICE CREAM ON THE SIDE,0.0
Conut Jnah,Person_0191,1.0,NUTELLA SAUCE . (R),0.0
Conut Jnah,Person_0191,1.0,NUTELLA SAUCE . (R),0.0
Conut Jnah,Person_0191,1.0,"NUTELLA SAUCE,(R)",0.0
Conut Jnah,Person_0191,1.0,"NUTELLA SAUCE,(R)",0.0
Conut Jnah,Person_0191,1.0,"NUTELLA SAUCE,(R)",0.0
Conut Jnah,Person_0191,1.0,"NUTELLA SAUCE,(R)",0.0
Conut Jnah,Person_0191,1.0,NUTELLA SPREAD CHIMNEY.,0.0
Conut Jnah,Person_0191,1.0,NUTELLA SPREAD CHIMNEY.,0.0
Conut Jnah,Person_0191,1.0,NUTELLA SPREAD CHIMNEY.,0.0
Conut Jnah,Person_0191,1.0,NUTELLA SPREAD CHIMNEY.,0.0
Conut Jnah,Person_0191,1.0,NUTELLA SPREAD CHIMNEY.,0.0
Conut Jnah,Person_0191,1.0,NUTELLA SPREAD CONUT.,0.0
Conut Jnah,Person_0191,1.0,NUTELLA SPREAD CONUT.,0.0
Conut Jnah,Person_0191,1.0,NUTELLA SPREAD CONUT.,0.0
Conut Jnah,Person_0191,1.0,STRAWBERRIES (R),90054.05
Conut Jnah,Person_0191,1.0,"STRAWBERRY , (R)",0.0
Conut Jnah,Person_0191,1.0,"STRAWBERRY , (R)",0.0
Conut Jnah,Person_0191,1.0,"STRAWBERRY,(R)",0.0
Conut Jnah,Person_0191,1.0,"STRAWBERRY,(R)",0.0
Conut Jnah,Person_0191,1.0,STRAWBERRY.,178783.78
Conut Jnah,Person_0192,1.0,BOSTON CHEESECAKE MINI,0.0
Conut Jnah,Person_0192,1.0,CLASSIC CHIMNEY,595945.95
Conut Jnah,Person_0192,1.0,DELIVERY CHARGE,238378.38
Conut Jnah,Person_0192,1.0,PISTACHIO MINI,0.0
Conut Jnah,Person_0192,1.0,PRESSED,0.0
Conut Jnah,Person_0192,1.0,STRAWBERRY.,178783.78
Conut Jnah,Person_0192,1.0,THE ONE MINI,0.0
Conut Jnah,Person_0192,1.0,THE SHARING BOX.,1668648.66
Conut Jnah,Person_0192,1.0,TRIPLE CHOCOLATE MINI,0.0
Conut Jnah,Person_0192,1.0,WHITE CHOCOLATE SPREAD CHIMNEY.,0.0
Conut Jnah,Person_0193,1.0,"BLUEBERRIES , (P)",40540.54
Conut Jnah,Person_0193,1.0,"BLUEBERRIES , (P)",40540.54
Conut Jnah,Person_0193,1.0,CHIMNEY THE ONE,1251486.48
Conut Jnah,Person_0193,1.0,CLASSIC CHIMNEY,595945.95
Conut Jnah,Person_0193,1.0,DELIVERY CHARGE,238378.38
Conut Jnah,Person_0193,1.0,LOTUS SPREAD CHIMNEY.,0.0
Conut Jnah,Person_0193,1.0,NO SPREAD,0.0
Conut Jnah,Person_0193,1.0,PRESSED,0.0
Conut Jnah,Person_0194,1.0,CHIMNEY THE ONE,1251486.48
Conut Jnah,Person_0194,1.0,CHIMNEY THE ONE,1251486.48
Conut Jnah,Person_0194,1.0,CHIMNEY THE ONE,1251486.48
Conut Jnah,Person_0194,1.0,DELIVERY CHARGE,238378.38
Conut Jnah,Person_0194,1.0,DELIVERY CHARGE,238378.38
Conut Jnah,Person_0194,1.0,DELIVERY CHARGE,238378.38
Conut Jnah,Person_0194,1.0,LOTUS SAUCE.,178783.78
Conut Jnah,Person_0194,1.0,"NUTELLA SAUCE,(R)",0.0
Conut Jnah,Person_0194,1.0,"NUTELLA SAUCE,(R)",0.0
Conut Jnah,Person_0194,1.0,"NUTELLA SAUCE,(R)",0.0
Conut Jnah,Person_0194,1.0,NUTELLA SPREAD CHIMNEY.,0.0
Conut Jnah,Person_0194,1.0,NUTELLA SPREAD CHIMNEY.,0.0
Conut Jnah,Person_0194,1.0,NUTELLA SPREAD CHIMNEY.,0.0
Conut Jnah,Person_0194,1.0,"PISTACHIO SAUCE ,(P)",40540.54
Conut Jnah,Person_0194,1.0,"PISTACHIO SAUCE ,(P)",40540.54
Conut Jnah,Person_0194,1.0,"STRAWBERRY,(R)",0.0
Conut Jnah,Person_0195,1.0,"BROWNIES , (R)",0.0
Conut Jnah,Person_0195,1.0,"CARAMEL SAUCE, (R)",0.0
Conut Jnah,Person_0195,1.0,CHIMNEY THE ONE,1251486.48
Conut Jnah,Person_0195,1.0,CONUT TRIPLE CHOCOLATE,924378.38
Conut Jnah,Person_0195,1.0,DELIVERY CHARGE,238378.38
Conut Jnah,Person_0195,1.0,NUTELLA SAUCE . (R),0.0
Conut Jnah,Person_0195,1.0,"STRAWBERRY,(R)",0.0
Conut Jnah,Person_0195,1.0,WHITE CHOCOLATE SPREAD CHIMNEY.,0.0
Conut Jnah,Person_0195,1.0,WHITE CHOCOLATE SPREAD CONUT.,0.0
Conut Jnah,Person_0196,1.0,[CHOCOLATE DRESSING],0.0
Conut Jnah,Person_0196,1.0,"CARAMEL SAUCE, (R)",0.0
Conut Jnah,Person_0196,1.0,"CARAMEL SAUCE, (R)",0.0
Conut Jnah,Person_0196,1.0,"CARAMEL SAUCE, (R)",0.0
Conut Jnah,Person_0196,1.0,"CARAMEL SAUCE, (R)",0.0
Conut Jnah,Person_0196,1.0,CHIMNEY BOSTON CHEESECAKE,1311081.08
Conut Jnah,Person_0196,1.0,CHIMNEY PISTACHIO,1430270.27
Conut Jnah,Person_0196,1.0,CHIMNEY THE ONE,1251486.48
Conut Jnah,Person_0196,1.0,CHIMNEY THE ONE,1251486.48
Conut Jnah,Person_0196,1.0,CHIMNEY THE ONE,1251486.48
Conut Jnah,Person_0196,1.0,CHIMNEY THE ONE,1251486.48
Conut Jnah,Person_0196,1.0,CLASSIC CHIMNEY,595945.95
Conut Jnah,Person_0196,1.0,CONUT PISTACHIO,1013108.11
Conut Jnah,Person_0196,1.0,CRUSHED LOTUS .(R),0.0
Conut Jnah,Person_0196,1.0,DELIVERY CHARGE,238378.38
Conut Jnah,Person_0196,1.0,DELIVERY CHARGE,238378.38
Conut Jnah,Person_0196,1.0,FULL FAT MILK,0.0
Conut Jnah,Person_0196,1.0,HOT CHOCOLATE COMBO,662162.16
Conut Jnah,Person_0196,1.0,HOT CHOCOLATE COMBO,662162.16
Conut Jnah,Person_0196,1.0,HOT CHOCOLATE COMBO,662162.16
Conut Jnah,Person_0196,1.0,NO SPREAD,0.0
Conut Jnah,Person_0196,1.0,"NO SPREAD,,",0.0
Conut Jnah,Person_0196,1.0,"NO SPREAD,,",0.0
Conut Jnah,Person_0196,1.0,NO SPREAD..,0.0
Conut Jnah,Person_0196,1.0,NUTELLA SPREAD CHIMNEY.,0.0
Conut Jnah,Person_0196,1.0,NUTELLA SPREAD CHIMNEY.,0.0
Conut Jnah,Person_0196,1.0,NUTELLA SPREAD CHIMNEY.,0.0
Conut Jnah,Person_0196,1.0,NUTELLA SPREAD CHIMNEY.,0.0
Conut Jnah,Person_0196,1.0,OREO MILKSHAKE,715135.14
Conut Jnah,Person_0196,1.0,PISTACHIO TOPPING,0.0
Conut Jnah,Person_0196,1.0,REGULAR,0.0
Conut Jnah,Person_0196,1.0,"STRAWBERRY , (R)",0.0
Conut Jnah,Person_0196,1.0,"STRAWBERRY,(R)",0.0
Conut Jnah,Person_0196,1.0,"STRAWBERRY,(R)",0.0
Conut Jnah,Person_0196,1.0,"STRAWBERRY,(R)",0.0
Conut Jnah,Person_0196,1.0,"STRAWBERRY,(R)",0.0
Conut Jnah,Person_0196,1.0,"STRAWBERRY,(R)",0.0
Conut Jnah,Person_0196,1.0,"STRAWBERRY,(R)",0.0
Conut Jnah,Person_0196,1.0,"STRAWBERRY,(R)",0.0
Conut Jnah,Person_0196,1.0,TIRAMISU CHIMNEY,1311081.08
Conut Jnah,Person_0196,1.0,TIRAMISU CHIMNEY,1311081.08
Conut Jnah,Person_0196,1.0,WHIPPED CREAM...,0.0
Conut Jnah,Person_0197,1.0,"BROWNIES,(R)",0.0
Conut Jnah,Person_0197,1.0,DELIVERY CHARGE,238378.38
Conut Jnah,Person_0197,1.0,MINI BERRY MIX,507216.22
Conut Jnah,Person_0197,1.0,MINI TRIPLE CHOCOLATE,536351.34
Conut Jnah,Person_0197,1.0,"NUTELLA SAUCE ,(R)",0.0
Conut Jnah,Person_0197,1.0,"NUTELLA SAUCE ,(R)",0.0
Conut Jnah,Person_0197,1.0,NUTELLA SPREAD MINI.,0.0
Conut Jnah,Person_0197,1.0,WHIPPED CREAM  .,0.0
Conut Jnah,Person_0197,1.0,WHITE CHOCOLATE SPREAD MINI.,0.0
Conut Jnah,Person_0198,1.0,[NO DRESSING],0.0
Conut Jnah,Person_0198,1.0,CARAMEL FRAPPE,536351.34
Conut Jnah,Person_0198,1.0,"CARAMEL SAUCE, (R)",0.0
Conut Jnah,Person_0198,1.0,CHIMNEY THE ONE,1251486.48
Conut Jnah,Person_0198,1.0,DELIVERY CHARGE,238378.38
Conut Jnah,Person_0198,1.0,FULL FAT MILK,0.0
Conut Jnah,Person_0198,1.0,NO WHIPPED CREAM,0.0
Conut Jnah,Person_0198,1.0,"NUTELLA SAUCE,(R)",0.0
Conut Jnah,Person_0198,1.0,NUTELLA SPREAD CHIMNEY.,0.0
Conut Jnah,Person_0198,1.0,REGULAR.,0.0
Conut Jnah,Person_0199,1.0,"BROWNIES,(R)",0.0
Conut Jnah,Person_0199,1.0,"CARAMEL SAUCE, (R)",0.0
Conut Jnah,Person_0199,1.0,CHIMNEY BOSTON CHEESECAKE,1311081.08
Conut Jnah,Person_0199,1.0,CHIMNEY THE ONE,1251486.48
Conut Jnah,Person_0199,1.0,CRUSHED LOTUS .(R),0.0
Conut Jnah,Person_0199,1.0,DELIVERY CHARGE,238378.38
Conut Jnah,Person_0199,1.0,MINI TRIPLE CHOCOLATE,536351.34
Conut Jnah,Person_0199,1.0,"NO SPREAD,,",0.0
Conut Jnah,Person_0199,1.0,"NUTELLA SAUCE ,(R)",0.0
Conut Jnah,Person_0199,1.0,NUTELLA SPREAD CHIMNEY.,0.0
Conut Jnah,Person_0199,1.0,"STRAWBERRY,(R)",0.0
Conut Jnah,Person_0199,1.0,"STRAWBERRY,(R)",0.0
Conut Jnah,Person_0199,1.0,WHITE CHOCOLATE SPREAD MINI.,0.0
Conut Jnah,Person_0200,1.0,[CARAMEL DRESSING],0.0
Conut Jnah,Person_0200,1.0,[CARAMEL DRESSING],0.0
Conut Jnah,Person_0200,1.0,CARAMEL FRAPPE,536351.34
Conut Jnah,Person_0200,1.0,CARAMEL FRAPPE,536351.34
Conut Jnah,Person_0200,1.0,"CARAMEL SAUCE, (R)",0.0
Conut Jnah,Person_0200,1.0,CHIMNEY BERRY MIX,1251486.48
Conut Jnah,Person_0200,1.0,CHIMNEY THE ONE,1251486.48
Conut Jnah,Person_0200,1.0,DELIVERY CHARGE,238378.38
Conut Jnah,Person_0200,1.0,FULL FAT MILK,0.0
Conut Jnah,Person_0200,1.0,FULL FAT MILK,0.0
Conut Jnah,Person_0200,1.0,NO SPREAD,0.0
Conut Jnah,Person_0200,1.0,"NUTELLA SAUCE,(R)",0.0
Conut Jnah,Person_0200,1.0,NUTELLA SPREAD CHIMNEY.,0.0
Conut Jnah,Person_0200,1.0,REGULAR.,0.0
Conut Jnah,Person_0200,1.0,REGULAR.,0.0
Conut Jnah,Person_0200,1.0,"STRAWBERRY,(R)",0.0
Conut Jnah,Person_0200,1.0,"WHIPPED CREAM   ,",0.0
Conut Jnah,Person_0200,1.0,WHIPPED CREAM...,0.0
Conut Jnah,Person_0200,1.0,WHIPPED CREAM...,0.0
Conut Jnah,Person_0201,1.0,BOSTON CHEESECAKE CONUT,0.0
Conut Jnah,Person_0201,1.0,BOSTON CHEESECAKE CONUT,0.0
Conut Jnah,Person_0201,1.0,CONUT COMBO,2741351.34
Conut Jnah,Person_0201,1.0,CONUT COMBO,2741351.34
Conut Jnah,Person_0201,1.0,DELIVERY CHARGE,238378.38
Conut Jnah,Person_0201,1.0,PISTACHIO CONUT,0.0
Conut Jnah,Person_0201,1.0,PISTACHIO CONUT,0.0
Conut Jnah,Person_0201,1.0,THE ONE CONUT,0.0
Conut Jnah,Person_0201,1.0,THE ONE CONUT,0.0
Conut Jnah,Person_0201,1.0,TRIPLE CHOCOLATE CONUT,0.0
Conut Jnah,Person_0201,1.0,TRIPLE CHOCOLATE CONUT,0.0
Conut Jnah,Person_0202,1.0,DELIVERY CHARGE,238378.38
Conut Jnah,Person_0202,1.0,SEND CUTLERY,0.0
Conut Jnah,Person_0203,1.0,BROWNIES . (R),0.0
Conut Jnah,Person_0203,1.0,BROWNIES . (R),0.0
Conut Jnah,Person_0203,1.0,BROWNIES . (R),0.0
Conut Jnah,Person_0203,1.0,"CARAMEL SAUCE, (R)",0.0
Conut Jnah,Person_0203,1.0,CHIMNEY THE ONE,1251486.48
Conut Jnah,Person_0203,1.0,CHIMNEY THE ORIGINAL,1191891.89
Conut Jnah,Person_0203,1.0,CHIMNEY TRIPLE CHOCOLATE,1311081.08
Conut Jnah,Person_0203,1.0,CHIMNEY TRIPLE CHOCOLATE,1311081.08
Conut Jnah,Person_0203,1.0,DELIVERY CHARGE,238378.38
Conut Jnah,Person_0203,1.0,ICE CREAM ON THE SIDE,0.0
Conut Jnah,Person_0203,1.0,"NUTELLA SAUCE,(R)",0.0
Conut Jnah,Person_0203,1.0,"NUTELLA SAUCE,(R)",0.0
Conut Jnah,Person_0203,1.0,"NUTELLA SAUCE,(R)",0.0
Conut Jnah,Person_0203,1.0,NUTELLA SPREAD CHIMNEY.,0.0
Conut Jnah,Person_0203,1.0,NUTELLA SPREAD CHIMNEY.,0.0
Conut Jnah,Person_0203,1.0,NUTELLA SPREAD CHIMNEY.,0.0
Conut Jnah,Person_0203,1.0,NUTELLA SPREAD CHIMNEY.,0.0
Conut Jnah,Person_0203,1.0,"STRAWBERRY,(R)",0.0
Conut Jnah,Person_0204,1.0,BROWNIES . (R),0.0
Conut Jnah,Person_0204,1.0,CHIMNEY THE ONE,1251486.48
Conut Jnah,Person_0204,1.0,DELIVERY CHARGE,238378.38
Conut Jnah,Person_0204,1.0,LOTUS SPREAD CHIMNEY,178783.78
Conut Jnah,Person_0204,1.0,"NUTELLA SAUCE,(R)",0.0
Conut Jnah,Person_0204,1.0,NUTELLA SPREAD CHIMNEY.,0.0
Conut Jnah,Person_0205,1.0,"CARAMEL SAUCE, (R)",0.0
Conut Jnah,Person_0205,1.0,CHIMNEY THE ONE,1251486.48
Conut Jnah,Person_0205,1.0,DELIVERY CHARGE,238378.38
Conut Jnah,Person_0205,1.0,NUTELLA SPREAD CHIMNEY.,0.0
Conut Jnah,Person_0205,1.0,"STRAWBERRY,(R)",0.0
Conut Jnah,Person_0206,1.0,BOSTON CHEESECAKE MINI,0.0
Conut Jnah,Person_0206,1.0,BROWNIES . (R),0.0
Conut Jnah,Person_0206,1.0,CHIMNEY PISTACHIO,1430270.27
Conut Jnah,Person_0206,1.0,CHIMNEY THE ONE,1251486.48
Conut Jnah,Person_0206,1.0,CHIMNEY THE ONE,1251486.48
Conut Jnah,Person_0206,1.0,CHIMNEY TRIPLE CHOCOLATE,1311081.08
Conut Jnah,Person_0206,1.0,CONUT THE ONE,893918.92
Conut Jnah,Person_0206,1.0,DELIVERY CHARGE,238378.38
Conut Jnah,Person_0206,1.0,DELIVERY CHARGE,238378.38
Conut Jnah,Person_0206,1.0,"NO SPREAD,,",0.0
Conut Jnah,Person_0206,1.0,NO TOPPINGS,0.0
Conut Jnah,Person_0206,1.0,NO TOPPINGS.,0.0
Conut Jnah,Person_0206,1.0,"NUTELLA SAUCE,(R)",0.0
Conut Jnah,Person_0206,1.0,NUTELLA SPREAD CHIMNEY.,0.0
Conut Jnah,Person_0206,1.0,NUTELLA SPREAD CHIMNEY.,0.0
Conut Jnah,Person_0206,1.0,NUTELLA SPREAD CONUT.,0.0
Conut Jnah,Person_0206,1.0,PISTACHIO MINI,0.0
Conut Jnah,Person_0206,1.0,"STRAWBERRY , (R)",0.0
Conut Jnah,Person_0206,1.0,"STRAWBERRY,(R)",0.0
Conut Jnah,Person_0206,1.0,"STRAWBERRY,(R)",0.0
Conut Jnah,Person_0206,1.0,"STRAWBERRY,(R)",0.0
Conut Jnah,Person_0206,1.0,"STRAWBERRY,(R)",0.0
Conut Jnah,Person_0206,1.0,"STRAWBERRY,(R)",0.0
Conut Jnah,Person_0206,1.0,THE ONE MINI,0.0
Conut Jnah,Person_0206,1.0,THE SHARING BOX.,1668648.66
Conut Jnah,Person_0206,1.0,TRIPLE CHOCOLATE MINI,0.0
Conut Jnah,Person_0206,1.0,WHITE CHOCOLATE SPREAD CHIMNEY.,0.0
Conut Jnah,Person_0207,1.0,"CARAMEL SAUCE , (R)",0.0
Conut Jnah,Person_0207,1.0,"CARAMEL SAUCE , (R)",0.0
Conut Jnah,Person_0207,1.0,CONUT THE ONE,893918.92
Conut Jnah,Person_0207,1.0,CONUT THE ONE,893918.92
Conut Jnah,Person_0207,1.0,DELIVERY CHARGE,238378.38
Conut Jnah,Person_0207,1.0,NUTELLA SPREAD CONUT.,0.0
Conut Jnah,Person_0207,1.0,NUTELLA SPREAD CONUT.,0.0
Conut Jnah,Person_0207,1.0,"STRAWBERRY , (R)",0.0
Conut Jnah,Person_0207,1.0,"STRAWBERRY , (R)",0.0
Conut Jnah,Person_0208,1.0,CLASSIC CHIMNEY,595945.95
Conut Jnah,Person_0208,1.0,DELIVERY CHARGE,238378.38
Conut Jnah,Person_0208,1.0,NUTELLA SPREAD CHIMNEY.,0.0
Conut Jnah,Person_0208,1.0,PRESSED,0.0
Conut Jnah,Person_0208,1.0,STRAWBERRY.,178783.78
Conut Jnah,Person_0209,1.0,"CARAMEL SAUCE, (R)",0.0
Conut Jnah,Person_0209,1.0,CHIMNEY THE ONE,1251486.48
Conut Jnah,Person_0209,1.0,CONUT BOSTON CHEESECAKE,924378.38
Conut Jnah,Person_0209,1.0,CONUT PISTACHIO,1013108.11
Conut Jnah,Person_0209,1.0,"CRUSHED LOTUS , (R)",0.0
Conut Jnah,Person_0209,1.0,DELIVERY CHARGE,238378.38
Conut Jnah,Person_0209,1.0,NO SPREAD..,0.0
Conut Jnah,Person_0209,1.0,NO SPREAD..,0.0
Conut Jnah,Person_0209,1.0,NUTELLA SPREAD CHIMNEY.,0.0
Conut Jnah,Person_0209,1.0,PISTACHIO TOPPING,0.0
Conut Jnah,Person_0209,1.0,"STRAWBERRY , (R)",0.0
Conut Jnah,Person_0209,1.0,"STRAWBERRY , (R)",0.0
Conut Jnah,Person_0209,1.0,"STRAWBERRY,(R)",0.0
Conut Jnah,Person_0210,1.0,"CARAMEL SAUCE, (R)",0.0
Conut Jnah,Person_0210,1.0,CHIMNEY THE ONE,1251486.48
Conut Jnah,Person_0210,1.0,DELIVERY CHARGE,238378.38
Conut Jnah,Person_0210,1.0,NUTELLA SPREAD CHIMNEY.,0.0
Conut Jnah,Person_0210,1.0,"STRAWBERRY,(R)",0.0
Conut Jnah,Person_0211,1.0,CLASSIC CHIMNEY,595945.95
Conut Jnah,Person_0211,1.0,CLASSIC CHIMNEY,595945.95
Conut Jnah,Person_0211,1.0,DELIVERY CHARGE,238378.38
Conut Jnah,Person_0211,1.0,NO SPREAD,0.0
Conut Jnah,Person_0211,1.0,NO SPREAD,0.0
Conut Jnah,Person_0211,1.0,REGULAR,0.0
Conut Jnah,Person_0211,1.0,REGULAR,0.0
Conut Jnah,Person_0212,1.0,BOSTON CHEESECAKE MINI,0.0
Conut Jnah,Person_0212,1.0,CONUT BITES,655540.55
Conut Jnah,Person_0212,1.0,DELIVERY CHARGE,238378.38
Conut Jnah,Person_0212,1.0,PISTACHIO DIP.(P),119189.19
Conut Jnah,Person_0212,1.0,PISTACHIO MINI,0.0
Conut Jnah,Person_0212,1.0,THE ONE MINI,0.0
Conut Jnah,Person_0212,1.0,THE SHARING BOX.,1668648.66
Conut Jnah,Person_0212,1.0,TRIPLE CHOCOLATE MINI,0.0
Conut Jnah,Person_0213,1.0,"CARAMEL SAUCE, (R)",0.0
Conut Jnah,Person_0213,1.0,"CARAMEL SAUCE, (R)",0.0
Conut Jnah,Person_0213,1.0,CHIMNEY BERRY MIX,1251486.48
Conut Jnah,Person_0213,1.0,CHIMNEY THE ONE,1251486.48
Conut Jnah,Person_0213,1.0,CHIMNEY THE ONE,1251486.48
Conut Jnah,Person_0213,1.0,DELIVERY CHARGE,238378.38
Conut Jnah,Person_0213,1.0,DELIVERY CHARGE,238378.38
Conut Jnah,Person_0213,1.0,MINI BERRY MIX,507216.22
Conut Jnah,Person_0213,1.0,NO SPREAD,0.0
Conut Jnah,Person_0213,1.0,"NUTELLA SAUCE ,(R)",0.0
Conut Jnah,Person_0213,1.0,"NUTELLA SAUCE,(R)",0.0
Conut Jnah,Person_0213,1.0,NUTELLA SAUCE.,178783.78
Conut Jnah,Person_0213,1.0,NUTELLA SPREAD CHIMNEY.,0.0
Conut Jnah,Person_0213,1.0,NUTELLA SPREAD CHIMNEY.,0.0
Conut Jnah,Person_0213,1.0,NUTELLA SPREAD MINI.,0.0
Conut Jnah,Person_0213,1.0,"STRAWBERRY,(R)",0.0
Conut Jnah,Person_0213,1.0,"STRAWBERRY,(R)",0.0
Conut Jnah,Person_0213,1.0,"WHIPPED CREAM   ,",0.0
Conut Jnah,Person_0213,1.0,WHIPPED CREAM  .,0.0
Conut Jnah,Person_0214,1.0,BOSTON CHEESECAKE MINI,0.0
Conut Jnah,Person_0214,1.0,DELIVERY CHARGE,238378.38
Conut Jnah,Person_0214,1.0,PISTACHIO MINI,0.0
Conut Jnah,Person_0214,1.0,THE ONE MINI,0.0
Conut Jnah,Person_0214,1.0,THE SHARING BOX.,1668648.66
Conut Jnah,Person_0214,1.0,TRIPLE CHOCOLATE MINI,0.0
Conut Jnah,Person_0215,1.0,CARAMEL DIP.(R),0.0
Conut Jnah,Person_0215,1.0,CARAMEL MACHIATO,536351.34
Conut Jnah,Person_0215,1.0,CHIMNEY BERRY MIX,1251486.48
Conut Jnah,Person_0215,1.0,CONUT BITES,655540.55
Conut Jnah,Person_0215,1.0,CONUT BITES,655540.55
Conut Jnah,Person_0215,1.0,DELIVERY CHARGE,238378.38
Conut Jnah,Person_0215,1.0,FULL FAT MILK,0.0
Conut Jnah,Person_0215,1.0,ICED,0.0
Conut Jnah,Person_0215,1.0,NUTELLA DIP.(R),0.0
Conut Jnah,Person_0215,1.0,"NUTELLA SAUCE,(R)",0.0
Conut Jnah,Person_0215,1.0,NUTELLA SPREAD CHIMNEY.,0.0
Conut Jnah,Person_0215,1.0,REGULAR.,0.0
Conut Jnah,Person_0215,1.0,"WHIPPED CREAM   ,",0.0
Conut Jnah,Person_0216,1.0,CONUT BERRY MIX,893918.92
Conut Jnah,Person_0216,1.0,DELIVERY CHARGE,238378.38
Conut Jnah,Person_0216,1.0,NUTELLA SAUCE . (R),0.0
Conut Jnah,Person_0216,1.0,NUTELLA SPREAD CONUT.,0.0
Conut Jnah,Person_0216,1.0,"WHIPPED CREAM  ,",0.0
Conut Jnah,Person_0217,1.0,BROWNIES . (R),0.0
Conut Jnah,Person_0217,1.0,"CARAMEL SAUCE, (R)",0.0
Conut Jnah,Person_0217,1.0,CHIMNEY THE ONE,1251486.48
Conut Jnah,Person_0217,1.0,CHIMNEY THE ORIGINAL,1191891.89
Conut Jnah,Person_0217,1.0,DELIVERY CHARGE,238378.38
Conut Jnah,Person_0217,1.0,ICE CREAM ON THE SIDE,0.0
Conut Jnah,Person_0217,1.0,"NUTELLA SAUCE,(R)",0.0
Conut Jnah,Person_0217,1.0,NUTELLA SPREAD CHIMNEY.,0.0
Conut Jnah,Person_0217,1.0,NUTELLA SPREAD CHIMNEY.,0.0
Conut Jnah,Person_0217,1.0,"STRAWBERRY,(R)",0.0
Conut Jnah,Person_0218,1.0,"CARAMEL SAUCE, (R)",0.0
Conut Jnah,Person_0218,1.0,CHIMNEY THE ONE,1251486.48
Conut Jnah,Person_0218,1.0,CHIMNEY THE ONE,1251486.48
Conut Jnah,Person_0218,1.0,CHIMNEY THE ONE,1251486.48
Conut Jnah,Person_0218,1.0,CLASSIC CHIMNEY,595945.95
Conut Jnah,Person_0218,1.0,DELIVERY CHARGE,238378.38
Conut Jnah,Person_0218,1.0,LOTUS SPREAD CHIMNEY.,0.0
Conut Jnah,Person_0218,1.0,LOTUS SPREAD CHIMNEY.,0.0
Conut Jnah,Person_0218,1.0,NO TOPPINGS,0.0
Conut Jnah,Person_0218,1.0,NUTELLA SPREAD CHIMNEY,178783.78
Conut Jnah,Person_0218,1.0,NUTELLA SPREAD CHIMNEY.,0.0
Conut Jnah,Person_0218,1.0,NUTELLA SPREAD CHIMNEY.,0.0
Conut Jnah,Person_0218,1.0,PRESSED,0.0
Conut Jnah,Person_0218,1.0,"STRAWBERRY,(R)",0.0
Conut Jnah,Person_0218,1.0,"STRAWBERRY,(R)",0.0
Conut Jnah,Person_0218,1.0,"STRAWBERRY,(R)",0.0
Conut Jnah,Person_0218,1.0,WHITE CHOCOLATE SAUCE .(R),0.0
Conut Jnah,Person_0219,1.0,AFFOGATO,536351.34
Conut Jnah,Person_0219,1.0,BLUEBERRIES.,238378.38
Conut Jnah,Person_0219,1.0,CHIMNEY THE ONE,1251486.48
Conut Jnah,Person_0219,1.0,CLASSIC CHIMNEY,595945.95
Conut Jnah,Person_0219,1.0,DELIVERY CHARGE,238378.38
Conut Jnah,Person_0219,1.0,MINI THE ONE,507216.22
Conut Jnah,Person_0219,1.0,NO SPREAD,0.0
Conut Jnah,Person_0219,1.0,NO SPREAD .,0.0
Conut Jnah,Person_0219,1.0,NO TOPPINGS,0.0
Conut Jnah,Person_0219,1.0,"NO TOPPINGS ,",0.0
Conut Jnah,Person_0219,1.0,"NO TOPPINGS ,",0.0
Conut Jnah,Person_0219,1.0,NUTELLA SPREAD CHIMNEY.,0.0
Conut Jnah,Person_0219,1.0,PRESSED,0.0
Conut Jnah,Person_0219,1.0,"STRAWBERRY,(R)",0.0
Conut Jnah,Person_0220,1.0,CLASSIC CHIMNEY,595945.95
Conut Jnah,Person_0220,1.0,DELIVERY CHARGE,238378.38
Conut Jnah,Person_0220,1.0,NUTELLA SPREAD CHIMNEY.,0.0
Conut Jnah,Person_0220,1.0,PRESSED,0.0
Conut Jnah,Person_0220,1.0,WHITE CHOCOLATE SPREAD CHIMNEY,178783.78
Conut Jnah,Person_0221,1.0,CHIMNEY BERRY MIX,1251486.48
Conut Jnah,Person_0221,1.0,"CRUSHED LOTUS,(R)",0.0
Conut Jnah,Person_0221,1.0,DELIVERY CHARGE,238378.38
Conut Jnah,Person_0221,1.0,DELIVERY CHARGE,238378.38
Conut Jnah,Person_0221,1.0,MINI BERRY MIX,507216.22
Conut Jnah,Person_0221,1.0,MINI BOSTON CHEESECAKE,536351.34
Conut Jnah,Person_0221,1.0,NO SPREAD .,0.0
Conut Jnah,Person_0221,1.0,"NUTELLA SAUCE ,(R)",0.0
Conut Jnah,Person_0221,1.0,"NUTELLA SAUCE,(R)",0.0
Conut Jnah,Person_0221,1.0,NUTELLA SPREAD CHIMNEY.,0.0
Conut Jnah,Person_0221,1.0,NUTELLA SPREAD MINI.,0.0
Conut Jnah,Person_0221,1.0,STRAWBERRY .(R),0.0
Conut Jnah,Person_0221,1.0,"WHIPPED CREAM   ,",0.0
Conut Jnah,Person_0221,1.0,WHIPPED CREAM  .,0.0
Conut Jnah,Person_0222,1.0,"BROWNIES , (R)",0.0
Conut Jnah,Person_0222,1.0,"CARAMEL SAUCE , (R)",0.0
Conut Jnah,Person_0222,1.0,CONUT THE ONE,893918.92
Conut Jnah,Person_0222,1.0,CONUT TRIPLE CHOCOLATE,924378.38
Conut Jnah,Person_0222,1.0,DELIVERY CHARGE,238378.38
Conut Jnah,Person_0222,1.0,NUTELLA SAUCE . (R),0.0
Conut Jnah,Person_0222,1.0,NUTELLA SPREAD CONUT.,0.0
Conut Jnah,Person_0222,1.0,"STRAWBERRY , (R)",0.0
Conut Jnah,Person_0222,1.0,WHITE CHOCOLATE SPREAD CONUT.,0.0
Conut Jnah,Person_0223,1.0,"CARAMEL SAUCE , (R)",0.0
Conut Jnah,Person_0223,1.0,"CARAMEL SAUCE , (R)",0.0
Conut Jnah,Person_0223,1.0,CONUT THE ONE,893918.92
Conut Jnah,Person_0223,1.0,CONUT THE ONE,893918.92
Conut Jnah,Person_0223,1.0,DELIVERY CHARGE,238378.38
Conut Jnah,Person_0223,1.0,NUTELLA SPREAD CONUT.,0.0
Conut Jnah,Person_0223,1.0,NUTELLA SPREAD CONUT.,0.0
Conut Jnah,Person_0223,1.0,"STRAWBERRY , (R)",0.0
Conut Jnah,Person_0223,1.0,"STRAWBERRY , (R)",0.0
Conut Jnah,Person_0224,1.0,CONUT THE ONE,893918.92
Conut Jnah,Person_0224,1.0,DELIVERY CHARGE,238378.38
Conut Jnah,Person_0224,1.0,LOTUS SPREAD CONUT.,0.0
Conut Jnah,Person_0224,1.0,"RASPBERRY JAM , (P)",20720.72
Conut Jnah,Person_0224,1.0,"RASPBERRY JAM , (P)",20720.72
Conut Jnah,Person_0225,1.0,BROWNIES . (R),0.0
Conut Jnah,Person_0225,1.0,"CARAMEL SAUCE , (R)",0.0
Conut Jnah,Person_0225,1.0,"CARAMEL SAUCE, (R)",0.0
Conut Jnah,Person_0225,1.0,CHIMNEY BOSTON CHEESECAKE,1311081.08
Conut Jnah,Person_0225,1.0,CHIMNEY THE ONE,1251486.48
Conut Jnah,Person_0225,1.0,CHIMNEY TRIPLE CHOCOLATE,1311081.08
Conut Jnah,Person_0225,1.0,CONUT BOSTON CHEESECAKE,924378.38
Conut Jnah,Person_0225,1.0,CRUSHED LOTUS .(R),0.0
Conut Jnah,Person_0225,1.0,DELIVERY CHARGE,238378.38
Conut Jnah,Person_0225,1.0,DELIVERY CHARGE,238378.38
Conut Jnah,Person_0225,1.0,"NO SPREAD,,",0.0
Conut Jnah,Person_0225,1.0,NO SPREAD..,0.0
Conut Jnah,Person_0225,1.0,"NUTELLA SAUCE,(R)",0.0
Conut Jnah,Person_0225,1.0,NUTELLA SPREAD CHIMNEY.,0.0
Conut Jnah,Person_0225,1.0,"STRAWBERRY , (R)",0.0
Conut Jnah,Person_0225,1.0,"STRAWBERRY,(R)",0.0
Conut Jnah,Person_0225,1.0,"STRAWBERRY,(R)",0.0
Conut Jnah,Person_0225,1.0,TIRAMISU CONUT,953513.52
Conut Jnah,Person_0225,1.0,WHITE CHOCOLATE SPREAD CHIMNEY.,0.0
Conut Jnah,Person_0226,1.0,ADD ICE CREAM,476756.75
Conut Jnah,Person_0226,1.0,BROWNIES . (R),0.0
Conut Jnah,Person_0226,1.0,CHIMNEY TRIPLE CHOCOLATE,1311081.08
Conut Jnah,Person_0226,1.0,DELIVERY CHARGE,238378.38
Conut Jnah,Person_0226,1.0,ICE CREAM ON THE SIDE,0.0
Conut Jnah,Person_0226,1.0,NUTELLA SAUCE.,178783.78
Conut Jnah,Person_0226,1.0,WHITE CHOCOLATE SAUCE .(R),0.0
Conut Jnah,Person_0226,1.0,WHITE CHOCOLATE SPREAD CHIMNEY.,0.0
Conut Jnah,Person_0227,1.0,ADD ICE CREAM,476756.75
Conut Jnah,Person_0227,1.0,BROWNIES . (R),0.0
Conut Jnah,Person_0227,1.0,CHIMNEY TRIPLE CHOCOLATE,1311081.08
Conut Jnah,Person_0227,1.0,DELIVERY CHARGE,238378.38
Conut Jnah,Person_0227,1.0,ICE CREAM ON THE SIDE,0.0
Conut Jnah,Person_0227,1.0,"NUTELLA SAUCE,(R)",0.0
Conut Jnah,Person_0227,1.0,WHITE CHOCOLATE SPREAD CHIMNEY.,0.0
Conut Jnah,Person_0228,1.0,"BROWNIES , (R)",0.0
Conut Jnah,Person_0228,1.0,"CARAMEL SAUCE, (R)",0.0
Conut Jnah,Person_0228,1.0,CHIMNEY THE ONE,1251486.48
Conut Jnah,Person_0228,1.0,CONUT PISTACHIO,1013108.11
Conut Jnah,Person_0228,1.0,CONUT TRIPLE CHOCOLATE,924378.38
Conut Jnah,Person_0228,1.0,DELIVERY CHARGE,238378.38
Conut Jnah,Person_0228,1.0,NO SPREAD..,0.0
Conut Jnah,Person_0228,1.0,NUTELLA SAUCE . (R),0.0
Conut Jnah,Person_0228,1.0,NUTELLA SPREAD CHIMNEY.,0.0
Conut Jnah,Person_0228,1.0,PISTACHIO TOPPING,0.0
Conut Jnah,Person_0228,1.0,"STRAWBERRY , (R)",0.0
Conut Jnah,Person_0228,1.0,"STRAWBERRY,(R)",0.0
Conut Jnah,Person_0228,1.0,WHITE CHOCOLATE SPREAD CONUT.,0.0
Conut Jnah,Person_0229,1.0,CLASSIC CHIMNEY,595945.95
Conut Jnah,Person_0229,1.0,CLASSIC CHIMNEY,595945.95
Conut Jnah,Person_0229,1.0,DELIVERY CHARGE,238378.38
Conut Jnah,Person_0229,1.0,LOTUS SPREAD CHIMNEY.,0.0
Conut Jnah,Person_0229,1.0,PRESSED,0.0
Conut Jnah,Person_0229,1.0,PRESSED,0.0
Conut Jnah,Person_0229,1.0,WHITE CHOCOLATE SPREAD CHIMNEY.,0.0
Conut Jnah,Person_0230,1.0,[STRAWBERRY DRESSING],0.0
Conut Jnah,Person_0230,1.0,[STRAWBERRY DRESSING],0.0
Conut Jnah,Person_0230,1.0,ADD ICE CREAM,476756.75
Conut Jnah,Person_0230,1.0,"CARAMEL SAUCE, (R)",0.0
Conut Jnah,Person_0230,1.0,CHERRY JAM DIP.(P),119189.19
Conut Jnah,Person_0230,1.0,CHIMNEY THE ONE,1251486.48
Conut Jnah,Person_0230,1.0,CHIMNEY THE ONE,1251486.48
Conut Jnah,Person_0230,1.0,CONUT BERRY MIX,893918.92
Conut Jnah,Person_0230,1.0,CONUT BITES,655540.55
Conut Jnah,Person_0230,1.0,"CRUSHED LOTUS,(R)",0.0
Conut Jnah,Person_0230,1.0,DELIVERY CHARGE,238378.38
Conut Jnah,Person_0230,1.0,DELIVERY CHARGE,238378.38
Conut Jnah,Person_0230,1.0,FULL FAT MILK,0.0
Conut Jnah,Person_0230,1.0,FULL FAT MILK,0.0
Conut Jnah,Person_0230,1.0,ICE CREAM ON THE SIDE,0.0
Conut Jnah,Person_0230,1.0,MINI BOSTON CHEESECAKE,536351.34
Conut Jnah,Person_0230,1.0,NO SPREAD .,0.0
Conut Jnah,Person_0230,1.0,NUTELLA SAUCE . (R),0.0
Conut Jnah,Person_0230,1.0,"NUTELLA SAUCE,(R)",0.0
Conut Jnah,Person_0230,1.0,NUTELLA SPREAD CHIMNEY.,0.0
Conut Jnah,Person_0230,1.0,NUTELLA SPREAD CHIMNEY.,0.0
Conut Jnah,Person_0230,1.0,NUTELLA SPREAD CONUT.,0.0
Conut Jnah,Person_0230,1.0,STRAWBERRY .(R),0.0
Conut Jnah,Person_0230,1.0,STRAWBERRY MILKSHAKE,715135.14
Conut Jnah,Person_0230,1.0,STRAWBERRY MILKSHAKE,715135.14
Conut Jnah,Person_0230,1.0,"STRAWBERRY,(R)",0.0
Conut Jnah,Person_0230,1.0,"STRAWBERRY,(R)",0.0
Conut Jnah,Person_0230,1.0,"WHIPPED CREAM  ,",0.0
Conut Jnah,Person_0230,1.0,WHIPPED CREAM...,0.0
Conut Jnah,Person_0230,1.0,WHIPPED CREAM...,0.0
Conut Jnah,Person_0231,1.0,BROWNIES . (R),0.0
Conut Jnah,Person_0231,1.0,CHIMNEY TRIPLE CHOCOLATE,1311081.08
Conut Jnah,Person_0231,1.0,DELIVERY CHARGE,238378.38
Conut Jnah,Person_0231,1.0,"NUTELLA SAUCE,(R)",0.0
Conut Jnah,Person_0231,1.0,WHITE CHOCOLATE SPREAD CHIMNEY.,0.0
Conut Jnah,Person_0232,1.0,BOSTON CHEESECAKE CHIMNEY,0.0
Conut Jnah,Person_0232,1.0,CHIMNEY COMBO.,3933243.25
Conut Jnah,Person_0232,1.0,DELIVERY CHARGE,238378.38
Conut Jnah,Person_0232,1.0,PISTACHIO CHIMNEY,0.0
Conut Jnah,Person_0232,1.0,THE ONE CHIMNEY,0.0
Conut Jnah,Person_0232,1.0,TRIPLE CHOCOLATE CHIMNEY,0.0
Conut Jnah,Person_0233,1.0,CAFFE LATTE,417162.16
Conut Jnah,Person_0233,1.0,CHIMNEY THE ONE,1251486.48
Conut Jnah,Person_0233,1.0,DELIVERY CHARGE,238378.38
Conut Jnah,Person_0233,1.0,FULL FAT MILK,0.0
Conut Jnah,Person_0233,1.0,ICED,0.0
Conut Jnah,Person_0233,1.0,"NUTELLA SAUCE,(R)",0.0
Conut Jnah,Person_0233,1.0,NUTELLA SPREAD CHIMNEY.,0.0
Conut Jnah,Person_0233,1.0,REGULAR.,0.0
Conut Jnah,Person_0233,1.0,"STRAWBERRY,(R)",0.0
Conut Jnah,Person_0234,1.0,BOSTON CHEESECAKE MINI,0.0
Conut Jnah,Person_0234,1.0,DELIVERY CHARGE,238378.38
Conut Jnah,Person_0234,1.0,PISTACHIO MINI,0.0
Conut Jnah,Person_0234,1.0,THE ONE MINI,0.0
Conut Jnah,Person_0234,1.0,THE SHARING BOX.,1668648.66
Conut Jnah,Person_0234,1.0,TRIPLE CHOCOLATE MINI,0.0
Conut Jnah,Person_0235,1.0,BOSTON CHEESECAKE MINI,0.0
Conut Jnah,Person_0235,1.0,DELIVERY CHARGE,238378.38
Conut Jnah,Person_0235,1.0,PISTACHIO MINI,0.0
Conut Jnah,Person_0235,1.0,THE ONE MINI,0.0
Conut Jnah,Person_0235,1.0,THE SHARING BOX.,1668648.66
Conut Jnah,Person_0235,1.0,TRIPLE CHOCOLATE MINI,0.0
Main Street Coffee,Person_0236,1.0,"BROWNIES , (R)",0.0
Main Street Coffee,Person_0236,1.0,BROWNIES . (R),0.0
Main Street Coffee,Person_0236,1.0,"BROWNIES,(R)",0.0
Main Street Coffee,Person_0236,1.0,"CARAMEL SAUCE, (R)",0.0
Main Street Coffee,Person_0236,1.0,"CARAMEL SAUCE, (R)",0.0
Main Street Coffee,Person_0236,1.0,CHIMNEY THE ONE,1251486.48
Main Street Coffee,Person_0236,1.0,CHIMNEY THE ONE,1251486.48
Main Street Coffee,Person_0236,1.0,CHIMNEY TRIPLE CHOCOLATE,1311081.08
Main Street Coffee,Person_0236,1.0,CONUT BERRY MIX,893918.92
Main Street Coffee,Person_0236,1.0,CONUT THE ORIGINAL,864783.79
Main Street Coffee,Person_0236,1.0,HOT,0.0
Main Street Coffee,Person_0236,1.0,HOT,0.0
Main Street Coffee,Person_0236,1.0,HOT,0.0
Main Street Coffee,Person_0236,1.0,MINI THE ORIGINAL,476756.75
Main Street Coffee,Person_0236,1.0,"NUTELLA SAUCE ,(R)",0.0
Main Street Coffee,Person_0236,1.0,NUTELLA SAUCE . (R),0.0
Main Street Coffee,Person_0236,1.0,NUTELLA SAUCE . (R),0.0
Main Street Coffee,Person_0236,1.0,"NUTELLA SAUCE,(R)",0.0
Main Street Coffee,Person_0236,1.0,NUTELLA SPREAD CHIMNEY.,0.0
Main Street Coffee,Person_0236,1.0,NUTELLA SPREAD CHIMNEY.,0.0
Main Street Coffee,Person_0236,1.0,NUTELLA SPREAD CONUT.,0.0
Main Street Coffee,Person_0236,1.0,NUTELLA SPREAD CONUT.,0.0
Main Street Coffee,Person_0236,1.0,NUTELLA SPREAD MINI.,0.0
Main Street Coffee,Person_0236,1.0,REGULAR.,0.0
Main Street Coffee,Person_0236,1.0,REGULAR.,0.0
Main Street Coffee,Person_0236,1.0,REGULAR.,0.0
Main Street Coffee,Person_0236,1.0,SINGLE ESPRESSO,238378.38
Main Street Coffee,Person_0236,1.0,SINGLE ESPRESSO,238378.38
Main Street Coffee,Person_0236,1.0,SINGLE ESPRESSO,238378.38
Main Street Coffee,Person_0236,1.0,"STRAWBERRY,(R)",0.0
Main Street Coffee,Person_0236,1.0,"STRAWBERRY,(R)",0.0
Main Street Coffee,Person_0236,1.0,"WHIPPED CREAM  ,",0.0
Main Street Coffee,Person_0236,1.0,WHITE CHOCOLATE SPREAD CHIMNEY.,0.0
Main Street Coffee,Person_0237,1.0,"CARAMEL SAUCE , (R)",0.0
Main Street Coffee,Person_0237,1.0,CONUT BOSTON CHEESECAKE,924378.38
Main Street Coffee,Person_0237,1.0,CONUT THE ONE,893918.92
Main Street Coffee,Person_0237,1.0,"CRUSHED LOTUS , (R)",0.0
Main Street Coffee,Person_0237,1.0,"DARK CHOCOLATE CHIPS, (P)",20720.72
Main Street Coffee,Person_0237,1.0,DELIVERY CHARGE,238378.38
Main Street Coffee,Person_0237,1.0,NO SPREAD..,0.0
Main Street Coffee,Person_0237,1.0,NUTELLA SPREAD CONUT.,0.0
Main Street Coffee,Person_0237,1.0,"STRAWBERRY , (R)",0.0
Main Street Coffee,Person_0238,1.0,TAKE AWAY,0.0
Main Street Coffee,Person_0238,1.0,TAKE AWAY,0.0
Main Street Coffee,Person_0239,1.0,ADD ICE CREAM,476756.75
Main Street Coffee,Person_0239,1.0,BROWNIES . (R),0.0
Main Street Coffee,Person_0239,1.0,BROWNIES . (R),0.0
Main Street Coffee,Person_0239,1.0,BROWNIES . (R),0.0
Main Street Coffee,Person_0239,1.0,"CARAMEL SAUCE, (R)",0.0
Main Street Coffee,Person_0239,1.0,"CARAMEL SAUCE, (R)",0.0
Main Street Coffee,Person_0239,1.0,"CARAMEL SAUCE, (R)",0.0
Main Street Coffee,Person_0239,1.0,CHIMNEY BOSTON CHEESECAKE,1311081.08
Main Street Coffee,Person_0239,1.0,CHIMNEY THE ONE,1251486.48
Main Street Coffee,Person_0239,1.0,CHIMNEY THE ONE,1251486.48
Main Street Coffee,Person_0239,1.0,CHIMNEY THE ONE,1251486.48
Main Street Coffee,Person_0239,1.0,CHIMNEY THE ONE,1251486.48
Main Street Coffee,Person_0239,1.0,CHIMNEY TRIPLE CHOCOLATE,1311081.08
Main Street Coffee,Person_0239,1.0,CHIMNEY TRIPLE CHOCOLATE,1311081.08
Main Street Coffee,Person_0239,1.0,CHIMNEY TRIPLE CHOCOLATE,1311081.08
Main Street Coffee,Person_0239,1.0,CONUT PISTACHIO,1013108.11
Main Street Coffee,Person_0239,1.0,CRUSHED LOTUS .(R),0.0
Main Street Coffee,Person_0239,1.0,ICE CREAM BOWL,595945.95
Main Street Coffee,Person_0239,1.0,ICE CREAM BOWL,595945.95
Main Street Coffee,Person_0239,1.0,ICE CREAM ON TOP,0.0
Main Street Coffee,Person_0239,1.0,"NO SPREAD,,",0.0
Main Street Coffee,Person_0239,1.0,NO SPREAD..,0.0
Main Street Coffee,Person_0239,1.0,NUTELLA SAUCE . (R),0.0
Main Street Coffee,Person_0239,1.0,NUTELLA SAUCE . (R),0.0
Main Street Coffee,Person_0239,1.0,"NUTELLA SAUCE,(R)",0.0
Main Street Coffee,Person_0239,1.0,"NUTELLA SAUCE,(R)",0.0
Main Street Coffee,Person_0239,1.0,"NUTELLA SAUCE,(R)",0.0
Main Street Coffee,Person_0239,1.0,"NUTELLA SAUCE,(R)",0.0
Main Street Coffee,Person_0239,1.0,NUTELLA SPREAD CHIMNEY.,0.0
Main Street Coffee,Person_0239,1.0,NUTELLA SPREAD CHIMNEY.,0.0
Main Street Coffee,Person_0239,1.0,NUTELLA SPREAD CHIMNEY.,0.0
Main Street Coffee,Person_0239,1.0,NUTELLA SPREAD CHIMNEY.,0.0
Main Street Coffee,Person_0239,1.0,PISTACHIO TOPPING,0.0
Main Street Coffee,Person_0239,1.0,"STRAWBERRY , (R)",0.0
Main Street Coffee,Person_0239,1.0,"STRAWBERRY,(R)",0.0
Main Street Coffee,Person_0239,1.0,"STRAWBERRY,(R)",0.0
Main Street Coffee,Person_0239,1.0,"STRAWBERRY,(R)",0.0
Main Street Coffee,Person_0239,1.0,"STRAWBERRY,(R)",0.0
Main Street Coffee,Person_0239,1.0,"STRAWBERRY,(R)",0.0
Main Street Coffee,Person_0239,1.0,"WHIPPED CREAM  ,",0.0
Main Street Coffee,Person_0239,1.0,"WHIPPED CREAM  ,",0.0
Main Street Coffee,Person_0239,1.0,WHIPPED CREAM . (P),30459.46
Main Street Coffee,Person_0239,1.0,WHIPPED CREAM . (P),30459.46
Main Street Coffee,Person_0239,1.0,WHITE CHOCOLATE SPREAD CHIMNEY.,0.0
Main Street Coffee,Person_0239,1.0,WHITE CHOCOLATE SPREAD CHIMNEY.,0.0
Main Street Coffee,Person_0239,1.0,WHITE CHOCOLATE SPREAD CHIMNEY.,0.0
Main Street Coffee,Person_0240,1.0,ADD ICE CREAM,476756.75
Main Street Coffee,Person_0240,1.0,ADD ICE CREAM,476756.75
Main Street Coffee,Person_0240,1.0,ADD ICE CREAM,476756.75
Main Street Coffee,Person_0240,1.0,"BROWNIES , (R)",0.0
Main Street Coffee,Person_0240,1.0,CRISPY CREPE . (R),0.0
Main Street Coffee,Person_0240,1.0,ICE CREAM BOWL,595945.95
Main Street Coffee,Person_0240,1.0,ICE CREAM BOWL,595945.95
Main Street Coffee,Person_0240,1.0,ICE CREAM BOWL,595945.95
Main Street Coffee,Person_0240,1.0,ICE CREAM BOWL,595945.95
Main Street Coffee,Person_0240,1.0,ICE CREAM BOWL,595945.95
Main Street Coffee,Person_0240,1.0,ICE CREAM BOWL,595945.95
Main Street Coffee,Person_0240,1.0,ICE CREAM ON TOP,0.0
Main Street Coffee,Person_0240,1.0,ICE CREAM ON TOP,0.0
Main Street Coffee,Person_0240,1.0,ICE CREAM ON TOP,0.0
Main Street Coffee,Person_0240,1.0,NO TOPPINGS.,0.0
Main Street Coffee,Person_0240,1.0,NUTELLA DIP (R),119189.19
Main Street Coffee,Person_0240,1.0,NUTELLA DIP (R),119189.19
Main Street Coffee,Person_0240,1.0,NUTELLA DIP (R),119189.19
Main Street Coffee,Person_0240,1.0,NUTELLA SAUCE . (R),0.0
Main Street Coffee,Person_0240,1.0,NUTELLA SAUCE . (R),0.0
Main Street Coffee,Person_0240,1.0,NUTELLA SAUCE . (R),0.0
Main Street Coffee,Person_0240,1.0,NUTELLA SAUCE . (R),0.0
Main Street Coffee,Person_0240,1.0,NUTELLA SAUCE . (R),0.0
Main Street Coffee,Person_0240,1.0,NUTELLA SAUCE . (R),0.0
Main Street Coffee,Person_0240,1.0,NUTELLA SAUCE . (R),0.0
Main Street Coffee,Person_0240,1.0,NUTELLA SAUCE . (R),0.0
Main Street Coffee,Person_0240,1.0,NUTELLA SAUCE . (R),0.0
Main Street Coffee,Person_0240,1.0,NUTELLA SAUCE . (R),0.0
Main Street Coffee,Person_0240,1.0,NUTELLA SAUCE . (R),0.0
Main Street Coffee,Person_0240,1.0,NUTELLA SAUCE . (R),0.0
Main Street Coffee,Person_0240,1.0,NUTELLA SAUCE . (R),0.0
Main Street Coffee,Person_0240,1.0,NUTELLA SAUCE . (R),0.0
Main Street Coffee,Person_0240,1.0,NUTELLA SAUCE . (R),0.0
Main Street Coffee,Person_0240,3.0,WATER,238378.38
Main Street Coffee,Person_0241,1.0,[NO DRESSING],0.0
Main Street Coffee,Person_0241,1.0,[NO DRESSING],0.0
Main Street Coffee,Person_0241,1.0,DOUBLE CHOCOLATE MILKSHAKE,774729.73
Main Street Coffee,Person_0241,1.0,FULL FAT MILK,0.0
Main Street Coffee,Person_0241,1.0,FULL FAT MILK,0.0
Main Street Coffee,Person_0241,1.0,FULL FAT MILK,0.0
Main Street Coffee,Person_0241,1.0,FULL FAT MILK,0.0
Main Street Coffee,Person_0241,1.0,HOT CHOCOLATE,476756.75
Main Street Coffee,Person_0241,1.0,HOT CHOCOLATE,476756.75
Main Street Coffee,Person_0241,1.0,NO MARSHMALLLOWS,0.0
Main Street Coffee,Person_0241,1.0,NO MARSHMALLLOWS,0.0
Main Street Coffee,Person_0241,1.0,NO WHIPPED CREAM,0.0
Main Street Coffee,Person_0241,1.0,NO WHIPPED CREAM,0.0
Main Street Coffee,Person_0241,1.0,VANILLA MILKSHAKE,536351.34
Main Street Coffee,Person_0242,1.0,BROWNIES . (R),0.0
Main Street Coffee,Person_0242,1.0,BROWNIES . (R),0.0
Main Street Coffee,Person_0242,1.0,CAFFE AMERICANO,328432.43
Main Street Coffee,Person_0242,1.0,CHIMNEY THE ONE,1251486.48
Main Street Coffee,Person_0242,1.0,CHIMNEY THE ONE,1251486.48
Main Street Coffee,Person_0242,1.0,CHIMNEY THE ONE,1251486.48
Main Street Coffee,Person_0242,1.0,CONUT THE ONE,893918.92
Main Street Coffee,Person_0242,1.0,DECAF,0.0
Main Street Coffee,Person_0242,1.0,HOT,0.0
Main Street Coffee,Person_0242,1.0,NUTELLA SAUCE . (R),0.0
Main Street Coffee,Person_0242,1.0,"NUTELLA SAUCE,(R)",0.0
Main Street Coffee,Person_0242,1.0,NUTELLA SAUCE.,178783.78
Main Street Coffee,Person_0242,1.0,NUTELLA SAUCE.,178783.78
Main Street Coffee,Person_0242,1.0,NUTELLA SPREAD CHIMNEY.,0.0
Main Street Coffee,Person_0242,1.0,NUTELLA SPREAD CHIMNEY.,0.0
Main Street Coffee,Person_0242,1.0,NUTELLA SPREAD CHIMNEY.,0.0
Main Street Coffee,Person_0242,1.0,NUTELLA SPREAD CONUT.,0.0
Main Street Coffee,Person_0242,1.0,"STRAWBERRY , (R)",0.0
Main Street Coffee,Person_0242,1.0,"STRAWBERRY,(R)",0.0
Main Street Coffee,Person_0242,1.0,"STRAWBERRY,(R)",0.0
Main Street Coffee,Person_0242,1.0,"STRAWBERRY,(R)",0.0
Main Street Coffee,Person_0242,1.0,TAKE AWAY,0.0
Main Street Coffee,Person_0242,1.0,WATER,79459.45
Main Street Coffee,Person_0242,1.0,WATER,79459.45
Main Street Coffee,Person_0242,1.0,WATER,79459.45
Main Street Coffee,Person_0243,1.0,ADD ICE CREAM,476756.75
Main Street Coffee,Person_0243,1.0,BROWNIES . (R),0.0
Main Street Coffee,Person_0243,1.0,"BROWNIES,(R)",0.0
Main Street Coffee,Person_0243,1.0,"CARAMEL SAUCE , (R)",0.0
Main Street Coffee,Person_0243,1.0,"CARAMEL SAUCE, (R)",0.0
Main Street Coffee,Person_0243,1.0,CHIMNEY THE ONE,1251486.48
Main Street Coffee,Person_0243,1.0,CHIMNEY THE ORIGINAL,1191891.89
Main Street Coffee,Person_0243,1.0,CLASSIC CHIMNEY,595945.95
Main Street Coffee,Person_0243,1.0,CONUT BERRY MIX,893918.92
Main Street Coffee,Person_0243,1.0,CONUT THE ONE,893918.92
Main Street Coffee,Person_0243,1.0,ICE CREAM ON TOP,0.0
Main Street Coffee,Person_0243,1.0,ICE CREAM ON TOP,0.0
Main Street Coffee,Person_0243,1.0,MINI THE ORIGINAL,476756.75
Main Street Coffee,Person_0243,1.0,"NUTELLA SAUCE ,(R)",0.0
Main Street Coffee,Person_0243,1.0,NUTELLA SAUCE . (R),0.0
Main Street Coffee,Person_0243,1.0,NUTELLA SPREAD CHIMNEY.,0.0
Main Street Coffee,Person_0243,1.0,NUTELLA SPREAD CHIMNEY.,0.0
Main Street Coffee,Person_0243,1.0,NUTELLA SPREAD CHIMNEY.,0.0
Main Street Coffee,Person_0243,1.0,NUTELLA SPREAD CONUT.,0.0
Main Street Coffee,Person_0243,1.0,NUTELLA SPREAD CONUT.,0.0
Main Street Coffee,Person_0243,1.0,NUTELLA SPREAD MINI.,0.0
Main Street Coffee,Person_0243,1.0,PRESSED,0.0
Main Street Coffee,Person_0243,1.0,STRAWBERRIES (R),90054.05
Main Street Coffee,Person_0243,1.0,"STRAWBERRY , (R)",0.0
Main Street Coffee,Person_0243,1.0,"STRAWBERRY,(R)",0.0
Main Street Coffee,Person_0243,1.0,"STRAWBERRY,(R)",0.0
Main Street Coffee,Person_0243,1.0,"WHIPPED CREAM  ,",0.0
Main Street Coffee,Person_0244,1.0,CHIMNEY THE ONE,1251486.48
Main Street Coffee,Person_0244,1.0,"NUTELLA SAUCE,(R)",0.0
Main Street Coffee,Person_0244,1.0,NUTELLA SPREAD CHIMNEY.,0.0
Main Street Coffee,Person_0244,1.0,"STRAWBERRY,(R)",0.0
Main Street Coffee,Person_0245,1.0,DOUBLE ESPRESSO,328432.43
Main Street Coffee,Person_0245,1.0,HOT,0.0
Main Street Coffee,Person_0245,1.0,HOT,0.0
Main Street Coffee,Person_0245,1.0,HOT,0.0
Main Street Coffee,Person_0245,1.0,HOT,0.0
Main Street Coffee,Person_0245,1.0,HOT,0.0
Main Street Coffee,Person_0245,1.0,HOT,0.0
Main Street Coffee,Person_0245,1.0,HOT,0.0
Main Street Coffee,Person_0245,1.0,HOT,0.0
Main Street Coffee,Person_0245,1.0,HOT,0.0
Main Street Coffee,Person_0245,1.0,HOT,0.0
Main Street Coffee,Person_0245,1.0,HOT,0.0
Main Street Coffee,Person_0245,1.0,ICE CREAM BOWL,595945.95
Main Street Coffee,Person_0245,1.0,NUTELLA SAUCE . (R),0.0
Main Street Coffee,Person_0245,1.0,REGULAR.,0.0
Main Street Coffee,Person_0245,1.0,REGULAR.,0.0
Main Street Coffee,Person_0245,1.0,REGULAR.,0.0
Main Street Coffee,Person_0245,1.0,REGULAR.,0.0
Main Street Coffee,Person_0245,1.0,REGULAR.,0.0
Main Street Coffee,Person_0245,1.0,REGULAR.,0.0
Main Street Coffee,Person_0245,1.0,REGULAR.,0.0
Main Street Coffee,Person_0245,1.0,REGULAR.,0.0
Main Street Coffee,Person_0245,1.0,REGULAR.,0.0
Main Street Coffee,Person_0245,1.0,REGULAR.,0.0
Main Street Coffee,Person_0245,1.0,REGULAR.,0.0
Main Street Coffee,Person_0245,1.0,SINGLE ESPRESSO,238378.38
Main Street Coffee,Person_0245,1.0,SINGLE ESPRESSO,238378.38
Main Street Coffee,Person_0245,1.0,SINGLE ESPRESSO,238378.38
Main Street Coffee,Person_0245,1.0,SINGLE ESPRESSO,238378.38
Main Street Coffee,Person_0245,1.0,SINGLE ESPRESSO,238378.38
Main Street Coffee,Person_0245,1.0,SINGLE ESPRESSO,238378.38
Main Street Coffee,Person_0245,1.0,SINGLE ESPRESSO,238378.38
Main Street Coffee,Person_0245,1.0,SINGLE ESPRESSO,238378.38
Main Street Coffee,Person_0245,1.0,SINGLE ESPRESSO,238378.38
Main Street Coffee,Person_0245,1.0,SINGLE ESPRESSO,238378.38
Main Street Coffee,Person_0245,1.0,"STRAWBERRY , (R)",0.0
Main Street Coffee,Person_0245,1.0,"STRAWBERRY , (R)",0.0
Main Street Coffee,Person_0245,1.0,WATER,79459.45
Main Street Coffee,Person_0245,1.0,WATER,79459.45
Main Street Coffee,Person_0245,1.0,WATER,79459.45
Main Street Coffee,Person_0245,1.0,WATER,79459.45
Main Street Coffee,Person_0245,1.0,WATER,79459.45
Main Street Coffee,Person_0245,1.0,WATER,79459.45
Main Street Coffee,Person_0245,1.0,WATER,79459.45
Main Street Coffee,Person_0245,1.0,WATER,79459.45
Main Street Coffee,Person_0246,1.0,CHIMNEY BERRY MIX,1251486.48
Main Street Coffee,Person_0246,1.0,DELIVERY CHARGE,238378.38
Main Street Coffee,Person_0246,1.0,"NUTELLA SAUCE,(R)",0.0
Main Street Coffee,Person_0246,1.0,"NUTELLA SAUCE,(R)",0.0
Main Street Coffee,Person_0246,1.0,NUTELLA SPREAD CHIMNEY.,0.0
Main Street Coffee,Person_0133,1.0,BROWNIES . (R),0.0
Main Street Coffee,Person_0133,1.0,"CARAMEL SAUCE, (R)",0.0
Main Street Coffee,Person_0133,1.0,"CARAMEL SAUCE, (R)",0.0
Main Street Coffee,Person_0133,1.0,CHIMNEY BERRY MIX,1251486.48
Main Street Coffee,Person_0133,1.0,CHIMNEY THE ONE,1251486.48
Main Street Coffee,Person_0133,1.0,CHIMNEY THE ONE,1251486.48
Main Street Coffee,Person_0133,1.0,CHIMNEY TRIPLE CHOCOLATE,1311081.08
Main Street Coffee,Person_0133,1.0,CLASSIC CHIMNEY,595945.95
Main Street Coffee,Person_0133,1.0,CLASSIC CHIMNEY,595945.95
Main Street Coffee,Person_0133,1.0,DELIVERY CHARGE,238378.38
Main Street Coffee,Person_0133,1.0,NO SPREAD,0.0
Main Street Coffee,Person_0133,1.0,NO SPREAD,0.0
Main Street Coffee,Person_0133,1.0,"NUTELLA SAUCE,(R)",0.0
Main Street Coffee,Person_0133,1.0,"NUTELLA SAUCE,(R)",0.0
Main Street Coffee,Person_0133,1.0,NUTELLA SPREAD CHIMNEY.,0.0
Main Street Coffee,Person_0133,1.0,NUTELLA SPREAD CHIMNEY.,0.0
Main Street Coffee,Person_0133,1.0,NUTELLA SPREAD CHIMNEY.,0.0
Main Street Coffee,Person_0133,1.0,PRESSED,0.0
Main Street Coffee,Person_0133,1.0,PRESSED,0.0
Main Street Coffee,Person_0133,1.0,"STRAWBERRY,(R)",0.0
Main Street Coffee,Person_0133,1.0,"STRAWBERRY,(R)",0.0
Main Street Coffee,Person_0133,1.0,"WHIPPED CREAM   ,",0.0
Main Street Coffee,Person_0133,1.0,WHITE CHOCOLATE SPREAD CHIMNEY.,0.0
Main Street Coffee,Person_0247,1.0,CHIMNEY THE ONE,1251486.48
Main Street Coffee,Person_0247,1.0,CHIMNEY THE ONE,1251486.48
Main Street Coffee,Person_0247,1.0,CRUSHED LOTUS .(R),0.0
Main Street Coffee,Person_0247,1.0,CRUSHED LOTUS .(R),0.0
Main Street Coffee,Person_0247,1.0,DELIVERY CHARGE,238378.38
Main Street Coffee,Person_0247,1.0,"LOTUS SAUCE,(R)",0.0
Main Street Coffee,Person_0247,1.0,"LOTUS SAUCE,(R)",0.0
Main Street Coffee,Person_0247,1.0,LOTUS SPREAD CHIMNEY.,0.0
Main Street Coffee,Person_0247,1.0,LOTUS SPREAD CHIMNEY.,0.0
Main Street Coffee,Person_0248,1.0,"BROWNIES , (R)",0.0
Main Street Coffee,Person_0248,1.0,"BROWNIES,(R)",0.0
Main Street Coffee,Person_0248,1.0,CONUT TRIPLE CHOCOLATE,924378.38
Main Street Coffee,Person_0248,1.0,DELIVERY CHARGE,238378.38
Main Street Coffee,Person_0248,1.0,MINI TRIPLE CHOCOLATE,536351.34
Main Street Coffee,Person_0248,1.0,"NUTELLA SAUCE ,(R)",0.0
Main Street Coffee,Person_0248,1.0,NUTELLA SAUCE . (R),0.0
Main Street Coffee,Person_0248,1.0,WHITE CHOCOLATE SPREAD CONUT.,0.0
Main Street Coffee,Person_0248,1.0,WHITE CHOCOLATE SPREAD MINI.,0.0
Main Street Coffee,Person_0249,1.0,CHIMNEY THE ONE,1251486.48
Main Street Coffee,Person_0249,1.0,CRUSHED LOTUS .(R),0.0
Main Street Coffee,Person_0249,1.0,DELIVERY CHARGE,238378.38
Main Street Coffee,Person_0249,1.0,"LOTUS SAUCE,(R)",0.0
Main Street Coffee,Person_0249,1.0,LOTUS SPREAD CHIMNEY.,0.0
